n,d,Q,R,sspl_lb,bdr,srt,mgr,sspl,edge,node,time
4,3,1,0,12,basic,basic,basic,12,3,4,9.1e-05
6,3,1,2,42,basic,basic,basic,42,10,44,0.000275
8,3,1,4,88,basic,basic,basic,88,21,642,0.003489
10,3,2,0,150,basic,basic,basic,150,15,16,0.000174
12,3,2,2,252,basic,basic,basic,252,28,76,0.000224
5,4,1,0,20,basic,basic,basic,20,6,7,5.6e-05
6,4,1,1,36,basic,basic,basic,36,10,46,0.000161
7,4,1,2,56,basic,basic,basic,56,15,131,0.00036
14,3,2,4,378,basic,basic,basic,378,45,3950,0.029553
9,4,1,4,108,basic,basic,basic,108,28,506,0.001503
8,4,1,3,80,basic,basic,basic,80,21,670,0.004749
4,3,1,0,12,basic,basic,matrix,12,3,4,2.8e-05
6,3,1,2,42,basic,basic,matrix,42,10,38,0.000242
8,3,1,4,88,basic,basic,matrix,88,21,78,0.001026
10,3,2,0,150,basic,basic,matrix,150,15,16,0.000175
12,3,2,2,252,basic,basic,matrix,252,28,70,0.003262
10,4,1,5,140,basic,basic,basic,140,36,38126,0.220604
14,3,2,4,378,basic,basic,matrix,378,45,1300,0.116101
5,4,1,0,20,basic,basic,matrix,20,6,7,4.8e-05
6,4,1,1,36,basic,basic,matrix,36,10,46,0.000284
7,4,1,2,56,basic,basic,matrix,56,15,119,0.000757
8,4,1,3,80,basic,basic,matrix,80,21,390,0.007818
9,4,1,4,108,basic,basic,matrix,108,28,83,0.000847
10,4,1,5,140,basic,basic,matrix,140,36,938,0.009696
11,4,1,6,176,basic,basic,matrix,176,45,1563,0.036401
4,3,1,0,12,basic,basic,minmax,12,3,4,4.9e-05
6,3,1,2,42,basic,basic,minmax,42,10,38,0.000386
8,3,1,4,88,basic,basic,minmax,88,21,78,0.000956
10,3,2,0,150,basic,basic,minmax,150,15,16,0.000273
12,3,2,2,252,basic,basic,minmax,252,28,70,0.001033
14,3,2,4,378,basic,basic,minmax,378,45,1300,0.063536
16,3,2,6,528,basic,basic,matrix,528,66,76427,1.94317
5,4,1,0,20,basic,basic,minmax,20,6,7,8.1e-05
6,4,1,1,36,basic,basic,minmax,36,10,46,0.000641
7,4,1,2,56,basic,basic,minmax,56,15,119,0.00107
8,4,1,3,80,basic,basic,minmax,80,21,390,0.003946
9,4,1,4,108,basic,basic,minmax,108,28,83,0.001037
10,4,1,5,140,basic,basic,minmax,140,36,938,0.013989
11,4,1,6,176,basic,basic,minmax,176,45,1563,0.031357
4,3,1,0,12,cycle,basic,basic,12,3,4,3.6e-05
6,3,1,2,42,cycle,basic,basic,42,8,23,8.5e-05
8,3,1,4,88,cycle,basic,basic,88,19,501,0.001223
10,3,2,0,150,cycle,basic,basic,150,15,16,8.9e-05
12,3,2,2,252,cycle,basic,basic,252,26,130,0.000388
14,3,2,4,378,cycle,basic,basic,378,43,3508,0.012608
16,3,2,6,528,basic,basic,minmax,528,66,76427,1.85875
5,4,1,0,20,cycle,basic,basic,20,6,7,8.3e-05
6,4,1,1,36,cycle,basic,basic,36,8,15,0.000121
7,4,1,2,56,cycle,basic,basic,56,13,59,0.000194
8,4,1,3,80,cycle,basic,basic,80,19,203,0.000582
9,4,1,4,108,cycle,basic,basic,108,26,269,0.000743
10,4,1,5,140,cycle,basic,basic,140,34,15209,0.133913
11,4,1,6,176,basic,basic,basic,176,45,797508,2.81845
4,3,1,0,12,cycle,basic,matrix,12,3,4,2.8e-05
6,3,1,2,42,cycle,basic,matrix,42,8,22,0.000141
8,3,1,4,88,cycle,basic,matrix,88,19,84,0.000745
10,3,2,0,150,cycle,basic,matrix,150,15,16,0.000174
12,3,2,2,252,cycle,basic,matrix,252,26,130,0.001834
14,3,2,4,378,cycle,basic,matrix,378,43,1837,0.046597
16,3,2,6,528,cycle,basic,matrix,528,64,10649,0.341925
5,4,1,0,20,cycle,basic,matrix,20,6,7,6.7e-05
6,4,1,1,36,cycle,basic,matrix,36,8,15,0.000171
16,3,2,6,528,cycle,basic,basic,528,64,321233,1.31566
7,4,1,2,56,cycle,basic,matrix,56,13,58,0.000368
8,4,1,3,80,cycle,basic,matrix,80,19,126,0.001452
9,4,1,4,108,cycle,basic,matrix,108,26,60,0.000606
10,4,1,5,140,cycle,basic,matrix,140,34,376,0.008573
4,3,1,0,12,cycle,basic,minmax,12,3,4,0.000102
11,4,1,6,176,cycle,basic,matrix,176,43,797,0.015718
6,3,1,2,42,cycle,basic,minmax,42,8,22,0.000337
8,3,1,4,88,cycle,basic,minmax,88,19,84,0.001959
10,3,2,0,150,cycle,basic,minmax,150,15,16,0.000307
12,3,2,2,252,cycle,basic,minmax,252,26,130,0.002064
14,3,2,4,378,cycle,basic,minmax,378,43,1837,0.102873
5,4,1,0,20,cycle,basic,minmax,20,6,7,8.1e-05
6,4,1,1,36,cycle,basic,minmax,36,8,15,0.000153
7,4,1,2,56,cycle,basic,minmax,56,13,58,0.000521
8,4,1,3,80,cycle,basic,minmax,80,19,126,0.001308
9,4,1,4,108,cycle,basic,minmax,108,26,60,0.000783
10,4,1,5,140,cycle,basic,minmax,140,34,376,0.005232
11,4,1,6,176,cycle,basic,basic,176,43,316868,1.22893
11,4,1,6,176,cycle,basic,minmax,176,43,797,0.01821
4,3,1,0,12,stree,basic,basic,12,3,4,4.9e-05
6,3,1,2,42,stree,basic,basic,42,8,9,0.000168
8,3,1,4,88,stree,basic,basic,88,13,16,0.000145
10,3,2,0,150,stree,basic,basic,150,15,16,8.2e-05
12,3,2,2,252,stree,basic,basic,252,26,27,0.000226
14,3,2,4,378,stree,basic,basic,378,41,58,0.000195
16,3,2,6,528,stree,basic,basic,528,60,184,0.000678
5,4,1,0,20,stree,basic,basic,20,6,7,6.2e-05
6,4,1,1,36,stree,basic,basic,36,9,23,0.000102
7,4,1,2,56,stree,basic,basic,56,13,45,0.000153
8,4,1,3,80,stree,basic,basic,80,18,19,8.4e-05
9,4,1,4,108,stree,basic,basic,108,24,38,0.000141
10,4,1,5,140,stree,basic,basic,140,31,45,0.000162
4,3,1,0,12,stree,basic,matrix,12,3,4,5.3e-05
11,4,1,6,176,stree,basic,basic,176,39,135,0.000634
6,3,1,2,42,stree,basic,matrix,42,8,9,0.000173
8,3,1,4,88,stree,basic,matrix,88,13,15,0.000132
10,3,2,0,150,stree,basic,matrix,150,15,16,0.000177
12,3,2,2,252,stree,basic,matrix,252,26,27,0.000438
14,3,2,4,378,stree,basic,matrix,378,41,51,0.002124
5,4,1,0,20,stree,basic,matrix,20,6,7,6e-05
16,3,2,6,528,stree,basic,matrix,528,60,69,0.003162
6,4,1,1,36,stree,basic,matrix,36,9,23,0.00034
7,4,1,2,56,stree,basic,matrix,56,13,45,0.000314
8,4,1,3,80,stree,basic,matrix,80,18,19,0.000175
9,4,1,4,108,stree,basic,matrix,108,24,32,0.000305
10,4,1,5,140,stree,basic,matrix,140,31,38,0.000472
11,4,1,6,176,stree,basic,matrix,176,39,63,0.001524
4,3,1,0,12,stree,basic,minmax,12,3,4,0.000207
6,3,1,2,42,stree,basic,minmax,42,8,9,0.0001
8,3,1,4,88,stree,basic,minmax,88,13,15,0.000272
10,3,2,0,150,stree,basic,minmax,150,15,16,0.000234
12,3,2,2,252,stree,basic,minmax,252,26,27,0.00045
14,3,2,4,378,stree,basic,minmax,378,41,51,0.000877
16,3,2,6,528,stree,basic,minmax,528,60,69,0.001386
5,4,1,0,20,stree,basic,minmax,20,6,7,8.8e-05
6,4,1,1,36,stree,basic,minmax,36,9,23,0.00021
7,4,1,2,56,stree,basic,minmax,56,13,45,0.000407
8,4,1,3,80,stree,basic,minmax,80,18,19,0.000262
9,4,1,4,108,stree,basic,minmax,108,24,32,0.000848
10,4,1,5,140,stree,basic,minmax,140,31,38,0.000541
11,4,1,6,176,stree,basic,minmax,176,39,63,0.000927
4,3,1,0,12,cycle,sorted,basic,12,3,4,3.6e-05
6,3,1,2,42,cycle,sorted,basic,42,8,20,0.000175
10,3,2,0,150,cycle,sorted,basic,150,15,16,8.6e-05
8,3,1,4,88,cycle,sorted,basic,88,19,116,0.000278
12,3,2,2,252,cycle,sorted,basic,252,26,60,0.000215
14,3,2,4,378,cycle,sorted,basic,378,43,1765,0.01066
5,4,1,0,20,cycle,sorted,basic,20,6,7,5.3e-05
6,4,1,1,36,cycle,sorted,basic,36,8,11,6.5e-05
7,4,1,2,56,cycle,sorted,basic,56,13,65,0.000192
8,4,1,3,80,cycle,sorted,basic,80,19,248,0.000652
16,3,2,6,528,cycle,basic,minmax,528,64,10649,0.359509
9,4,1,4,108,cycle,sorted,basic,108,26,1004,0.00656
10,4,1,5,140,cycle,sorted,basic,140,34,6015,0.04768
4,3,1,0,12,cycle,sorted,matrix,12,3,4,2.8e-05
6,3,1,2,42,cycle,sorted,matrix,42,8,19,0.000151
8,3,1,4,88,cycle,sorted,matrix,88,19,52,0.000448
10,3,2,0,150,cycle,sorted,matrix,150,15,16,0.000183
12,3,2,2,252,cycle,sorted,matrix,252,26,60,0.000884
14,3,2,4,378,cycle,sorted,matrix,378,43,1000,0.044928
16,3,2,6,528,cycle,sorted,matrix,528,64,4124,0.230756
5,4,1,0,20,cycle,sorted,matrix,20,6,7,4.9e-05
11,4,1,6,176,cycle,sorted,basic,176,43,63018,0.363441
6,4,1,1,36,cycle,sorted,matrix,36,8,11,8.9e-05
7,4,1,2,56,cycle,sorted,matrix,56,13,62,0.000445
8,4,1,3,80,cycle,sorted,matrix,80,19,169,0.001228
9,4,1,4,108,cycle,sorted,matrix,108,26,282,0.005151
10,4,1,5,140,cycle,sorted,matrix,140,34,555,0.005909
11,4,1,6,176,cycle,sorted,matrix,176,43,1098,0.020256
4,3,1,0,12,cycle,sorted,minmax,12,3,4,4.8e-05
6,3,1,2,42,cycle,sorted,minmax,42,8,19,0.00026
10,3,2,0,150,cycle,sorted,minmax,150,15,16,0.000259
8,3,1,4,88,cycle,sorted,minmax,88,19,52,0.000943
16,3,2,6,528,cycle,sorted,basic,528,64,100368,0.593452
12,3,2,2,252,cycle,sorted,minmax,252,26,60,0.000992
14,3,2,4,378,cycle,sorted,minmax,378,43,1000,0.037677
5,4,1,0,20,cycle,sorted,minmax,20,6,7,8.6e-05
6,4,1,1,36,cycle,sorted,minmax,36,8,11,0.00013
7,4,1,2,56,cycle,sorted,minmax,56,13,62,0.000556
8,4,1,3,80,cycle,sorted,minmax,80,19,169,0.001727
9,4,1,4,108,cycle,sorted,minmax,108,26,282,0.003502
10,4,1,5,140,cycle,sorted,minmax,140,34,555,0.022528
4,3,1,0,12,basic,basic,basic,12,3,4,4.1e-05
16,3,2,6,528,cycle,sorted,minmax,528,64,4124,0.235637
6,3,1,2,42,basic,basic,basic,42,10,44,0.00014
11,4,1,6,176,cycle,sorted,minmax,176,43,1098,0.038475
10,3,2,0,150,basic,basic,basic,150,15,16,9e-05
12,3,2,2,252,basic,basic,basic,252,28,76,0.000464
8,3,1,4,88,basic,basic,basic,88,21,642,0.002255
5,4,1,0,20,basic,basic,basic,20,6,7,5.5e-05
14,3,2,4,378,basic,basic,basic,378,45,3950,0.040547
6,4,1,1,36,basic,basic,basic,36,10,46,0.00027
7,4,1,2,56,basic,basic,basic,56,15,131,0.000382
8,4,1,3,80,basic,basic,basic,80,21,670,0.001762
9,4,1,4,108,basic,basic,basic,108,28,506,0.001397
10,4,1,5,140,basic,basic,basic,140,36,38126,0.252676
4,3,1,0,12,basic,basic,matrix,12,3,4,3.2e-05
6,3,1,2,42,basic,basic,matrix,42,10,38,0.000242
8,3,1,4,88,basic,basic,matrix,88,21,78,0.000636
10,3,2,0,150,basic,basic,matrix,150,15,16,0.000175
12,3,2,2,252,basic,basic,matrix,252,28,70,0.00126
14,3,2,4,378,basic,basic,matrix,378,45,1300,0.066936
16,3,2,6,528,basic,basic,matrix,528,66,76427,1.86315
5,4,1,0,20,basic,basic,matrix,20,6,7,9.4e-05
6,4,1,1,36,basic,basic,matrix,36,10,46,0.000286
7,4,1,2,56,basic,basic,matrix,56,15,119,0.00078
8,4,1,3,80,basic,basic,matrix,80,21,390,0.002924
9,4,1,4,108,basic,basic,matrix,108,28,83,0.000802
10,4,1,5,140,basic,basic,matrix,140,36,938,0.018566
11,4,1,6,176,basic,basic,matrix,176,45,1563,0.024894
4,3,1,0,12,basic,basic,minmax,12,3,4,4.9e-05
6,3,1,2,42,basic,basic,minmax,42,10,38,0.000356
8,3,1,4,88,basic,basic,minmax,88,21,78,0.000867
10,3,2,0,150,basic,basic,minmax,150,15,16,0.000242
12,3,2,2,252,basic,basic,minmax,252,28,70,0.001054
14,3,2,4,378,basic,basic,minmax,378,45,1300,0.045768
11,4,1,6,176,basic,basic,basic,176,45,797508,2.83007
5,4,1,0,20,basic,basic,minmax,20,6,7,7.8e-05
6,4,1,1,36,basic,basic,minmax,36,10,46,0.000415
7,4,1,2,56,basic,basic,minmax,56,15,119,0.001031
8,4,1,3,80,basic,basic,minmax,80,21,390,0.00555
9,4,1,4,108,basic,basic,minmax,108,28,83,0.00107
10,4,1,5,140,basic,basic,minmax,140,36,938,0.021572
11,4,1,6,176,basic,basic,minmax,176,45,1563,0.029952
4,3,1,0,12,cycle,basic,basic,12,3,4,3.9e-05
6,3,1,2,42,cycle,basic,basic,42,8,23,8.3e-05
8,3,1,4,88,cycle,basic,basic,88,19,501,0.001445
10,3,2,0,150,cycle,basic,basic,150,15,16,8.6e-05
12,3,2,2,252,cycle,basic,basic,252,26,130,0.000384
14,3,2,4,378,cycle,basic,basic,378,43,3508,0.012261
16,3,2,6,528,basic,basic,minmax,528,66,76427,1.88604
5,4,1,0,20,cycle,basic,basic,20,6,7,5.6e-05
6,4,1,1,36,cycle,basic,basic,36,8,15,7.6e-05
7,4,1,2,56,cycle,basic,basic,56,13,59,0.000193
8,4,1,3,80,cycle,basic,basic,80,19,203,0.000583
9,4,1,4,108,cycle,basic,basic,108,26,269,0.001113
10,4,1,5,140,cycle,basic,basic,140,34,15209,0.134414
16,3,2,6,528,cycle,basic,basic,528,64,321233,1.25811
4,3,1,0,12,cycle,basic,matrix,12,3,4,2.9e-05
6,3,1,2,42,cycle,basic,matrix,42,8,22,0.000141
8,3,1,4,88,cycle,basic,matrix,88,19,84,0.000732
10,3,2,0,150,cycle,basic,matrix,150,15,16,0.000241
12,3,2,2,252,cycle,basic,matrix,252,26,130,0.003677
14,3,2,4,378,cycle,basic,matrix,378,43,1837,0.09622
16,3,2,6,528,cycle,basic,matrix,528,64,10649,0.391714
5,4,1,0,20,cycle,basic,matrix,20,6,7,6.2e-05
6,4,1,1,36,cycle,basic,matrix,36,8,15,0.000116
7,4,1,2,56,cycle,basic,matrix,56,13,58,0.000402
8,4,1,3,80,cycle,basic,matrix,80,19,126,0.00096
9,4,1,4,108,cycle,basic,matrix,108,26,60,0.000586
10,4,1,5,140,cycle,basic,matrix,140,34,376,0.004136
11,4,1,6,176,cycle,basic,matrix,176,43,797,0.012071
4,3,1,0,12,cycle,basic,minmax,12,3,4,6.8e-05
6,3,1,2,42,cycle,basic,minmax,42,8,22,0.000193
8,3,1,4,88,cycle,basic,minmax,88,19,84,0.000943
10,3,2,0,150,cycle,basic,minmax,150,15,16,0.000291
12,3,2,2,252,cycle,basic,minmax,252,26,130,0.001765
14,3,2,4,378,cycle,basic,minmax,378,43,1837,0.068323
16,3,2,6,528,cycle,basic,minmax,528,64,10649,0.342171
5,4,1,0,20,cycle,basic,minmax,20,6,7,7.8e-05
6,4,1,1,36,cycle,basic,minmax,36,8,15,0.00021
7,4,1,2,56,cycle,basic,minmax,56,13,58,0.000617
8,4,1,3,80,cycle,basic,minmax,80,19,126,0.001928
9,4,1,4,108,cycle,basic,minmax,108,26,60,0.00079
10,4,1,5,140,cycle,basic,minmax,140,34,376,0.005512
11,4,1,6,176,cycle,basic,minmax,176,43,797,0.01434
4,3,1,0,12,stree,basic,basic,12,3,4,5e-05
6,3,1,2,42,stree,basic,basic,42,8,9,5.4e-05
8,3,1,4,88,stree,basic,basic,88,13,16,7.4e-05
10,3,2,0,150,stree,basic,basic,150,15,16,8.7e-05
12,3,2,2,252,stree,basic,basic,252,26,27,0.000114
14,3,2,4,378,stree,basic,basic,378,41,58,0.000194
16,3,2,6,528,stree,basic,basic,528,60,184,0.001183
5,4,1,0,20,stree,basic,basic,20,6,7,9.9e-05
6,4,1,1,36,stree,basic,basic,36,9,23,0.000177
7,4,1,2,56,stree,basic,basic,56,13,45,0.000251
8,4,1,3,80,stree,basic,basic,80,18,19,0.000299
9,4,1,4,108,stree,basic,basic,108,24,38,0.000142
10,4,1,5,140,stree,basic,basic,140,31,45,0.000161
11,4,1,6,176,stree,basic,basic,176,39,135,0.000567
4,3,1,0,12,stree,basic,matrix,12,3,4,4.4e-05
6,3,1,2,42,stree,basic,matrix,42,8,9,7.4e-05
8,3,1,4,88,stree,basic,matrix,88,13,15,0.000131
10,3,2,0,150,stree,basic,matrix,150,15,16,0.000176
12,3,2,2,252,stree,basic,matrix,252,26,27,0.000454
14,3,2,4,378,stree,basic,matrix,378,41,51,0.00122
16,3,2,6,528,stree,basic,matrix,528,60,69,0.001564
5,4,1,0,20,stree,basic,matrix,20,6,7,6.2e-05
6,4,1,1,36,stree,basic,matrix,36,9,23,0.000171
7,4,1,2,56,stree,basic,matrix,56,13,45,0.000417
8,4,1,3,80,stree,basic,matrix,80,18,19,0.000175
9,4,1,4,108,stree,basic,matrix,108,24,32,0.000305
10,4,1,5,140,stree,basic,matrix,140,31,38,0.000438
11,4,1,6,176,stree,basic,matrix,176,39,63,0.000817
4,3,1,0,12,stree,basic,minmax,12,3,4,6.1e-05
6,3,1,2,42,stree,basic,minmax,42,8,9,0.000103
8,3,1,4,88,stree,basic,minmax,88,13,15,0.000272
10,3,2,0,150,stree,basic,minmax,150,15,16,0.00024
12,3,2,2,252,stree,basic,minmax,252,26,27,0.00045
14,3,2,4,378,stree,basic,minmax,378,41,51,0.000889
16,3,2,6,528,stree,basic,minmax,528,60,69,0.001423
5,4,1,0,20,stree,basic,minmax,20,6,7,8.9e-05
6,4,1,1,36,stree,basic,minmax,36,9,23,0.000211
7,4,1,2,56,stree,basic,minmax,56,13,45,0.000421
8,4,1,3,80,stree,basic,minmax,80,18,19,0.000312
9,4,1,4,108,stree,basic,minmax,108,24,32,0.000481
10,4,1,5,140,stree,basic,minmax,140,31,38,0.000526
11,4,1,6,176,stree,basic,minmax,176,39,63,0.000961
4,3,1,0,12,cycle,sorted,basic,12,3,4,3.4e-05
6,3,1,2,42,cycle,sorted,basic,42,8,20,7.4e-05
8,3,1,4,88,cycle,sorted,basic,88,19,116,0.000276
10,3,2,0,150,cycle,sorted,basic,150,15,16,8.5e-05
12,3,2,2,252,cycle,sorted,basic,252,26,60,0.000216
14,3,2,4,378,cycle,sorted,basic,378,43,1765,0.00538
11,4,1,6,176,cycle,basic,basic,176,43,316868,1.35005
5,4,1,0,20,cycle,sorted,basic,20,6,7,5.4e-05
6,4,1,1,36,cycle,sorted,basic,36,8,11,6.4e-05
7,4,1,2,56,cycle,sorted,basic,56,13,65,0.000195
8,4,1,3,80,cycle,sorted,basic,80,19,248,0.000707
9,4,1,4,108,cycle,sorted,basic,108,26,1004,0.002752
10,4,1,5,140,cycle,sorted,basic,140,34,6015,0.052036
16,3,2,6,528,cycle,sorted,basic,528,64,100368,0.487461
4,3,1,0,12,cycle,sorted,matrix,12,3,4,2.8e-05
6,3,1,2,42,cycle,sorted,matrix,42,8,19,0.000125
8,3,1,4,88,cycle,sorted,matrix,88,19,52,0.000436
10,3,2,0,150,cycle,sorted,matrix,150,15,16,0.000178
12,3,2,2,252,cycle,sorted,matrix,252,26,60,0.000924
11,4,1,6,176,cycle,sorted,basic,176,43,63018,0.304157
14,3,2,4,378,cycle,sorted,matrix,378,43,1000,0.056701
5,4,1,0,20,cycle,sorted,matrix,20,6,7,5e-05
6,4,1,1,36,cycle,sorted,matrix,36,8,11,8.6e-05
7,4,1,2,56,cycle,sorted,matrix,56,13,62,0.000397
16,3,2,6,528,cycle,sorted,matrix,528,64,4124,0.202661
8,4,1,3,80,cycle,sorted,matrix,80,19,169,0.00121
9,4,1,4,108,cycle,sorted,matrix,108,26,282,0.00389
10,4,1,5,140,cycle,sorted,matrix,140,34,555,0.005935
11,4,1,6,176,cycle,sorted,matrix,176,43,1098,0.022097
4,3,1,0,12,cycle,sorted,minmax,12,3,4,4.6e-05
6,3,1,2,42,cycle,sorted,minmax,42,8,19,0.00017
10,3,2,0,150,cycle,sorted,minmax,150,15,16,0.000251
8,3,1,4,88,cycle,sorted,minmax,88,19,52,0.000804
12,3,2,2,252,cycle,sorted,minmax,252,26,60,0.00087
14,3,2,4,378,cycle,sorted,minmax,378,43,1000,0.022261
5,4,1,0,20,cycle,sorted,minmax,20,6,7,8.1e-05
6,4,1,1,36,cycle,sorted,minmax,36,8,11,0.000126
7,4,1,2,56,cycle,sorted,minmax,56,13,62,0.001337
8,4,1,3,80,cycle,sorted,minmax,80,19,169,0.00183
9,4,1,4,108,cycle,sorted,minmax,108,26,282,0.003654
10,4,1,5,140,cycle,sorted,minmax,140,34,555,0.012826
11,4,1,6,176,cycle,sorted,minmax,176,43,1098,0.038008
4,3,1,0,12,basic,basic,basic,12,3,4,7.2e-05
6,3,1,2,42,basic,basic,basic,42,10,44,0.000173
8,3,1,4,88,basic,basic,basic,88,21,642,0.001737
10,3,2,0,150,basic,basic,basic,150,15,16,8.9e-05
16,3,2,6,528,cycle,sorted,minmax,528,64,4124,0.276267
12,3,2,2,252,basic,basic,basic,252,28,76,0.000243
14,3,2,4,378,basic,basic,basic,378,45,3950,0.041156
5,4,1,0,20,basic,basic,basic,20,6,7,7.6e-05
6,4,1,1,36,basic,basic,basic,36,10,46,0.000161
7,4,1,2,56,basic,basic,basic,56,15,131,0.000362
8,4,1,3,80,basic,basic,basic,80,21,670,0.002598
9,4,1,4,108,basic,basic,basic,108,28,506,0.001355
10,4,1,5,140,basic,basic,basic,140,36,38126,0.319453
11,4,1,6,176,basic,basic,basic,176,45,797508,2.81965
4,3,1,0,12,basic,basic,matrix,12,3,4,3.1e-05
6,3,1,2,42,basic,basic,matrix,42,10,38,0.000258
8,3,1,4,88,basic,basic,matrix,88,21,78,0.0007
10,3,2,0,150,basic,basic,matrix,150,15,16,0.000176
12,3,2,2,252,basic,basic,matrix,252,28,70,0.001145
14,3,2,4,378,basic,basic,matrix,378,45,1300,0.073297
16,3,2,6,528,basic,basic,basic,528,66,4066148,14.4466
5,4,1,0,20,basic,basic,matrix,20,6,7,4.8e-05
6,4,1,1,36,basic,basic,matrix,36,10,46,0.000292
7,4,1,2,56,basic,basic,matrix,56,15,119,0.000777
8,4,1,3,80,basic,basic,matrix,80,21,390,0.003205
9,4,1,4,108,basic,basic,matrix,108,28,83,0.000822
16,3,2,6,528,basic,basic,matrix,528,66,76427,1.95349
10,4,1,5,140,basic,basic,matrix,140,36,938,0.020203
4,3,1,0,12,basic,basic,minmax,12,3,4,6.6e-05
6,3,1,2,42,basic,basic,minmax,42,10,38,0.000385
8,3,1,4,88,basic,basic,minmax,88,21,78,0.000862
10,3,2,0,150,basic,basic,minmax,150,15,16,0.000239
11,4,1,6,176,basic,basic,matrix,176,45,1563,0.085219
12,3,2,2,252,basic,basic,minmax,252,28,70,0.001517
14,3,2,4,378,basic,basic,minmax,378,45,1300,0.043589
5,4,1,0,20,basic,basic,minmax,20,6,7,0.000245
6,4,1,1,36,basic,basic,minmax,36,10,46,0.000425
7,4,1,2,56,basic,basic,minmax,56,15,119,0.002792
8,4,1,3,80,basic,basic,minmax,80,21,390,0.004206
9,4,1,4,108,basic,basic,minmax,108,28,83,0.001039
10,4,1,5,140,basic,basic,minmax,140,36,938,0.083581
11,4,1,6,176,basic,basic,minmax,176,45,1563,0.035255
4,3,1,0,12,cycle,basic,basic,12,3,4,4e-05
6,3,1,2,42,cycle,basic,basic,42,8,23,8.5e-05
8,3,1,4,88,cycle,basic,basic,88,19,501,0.001524
10,3,2,0,150,cycle,basic,basic,150,15,16,9.3e-05
12,3,2,2,252,cycle,basic,basic,252,26,130,0.00051
14,3,2,4,378,cycle,basic,basic,378,43,3508,0.012056
16,3,2,6,528,cycle,basic,basic,528,64,321233,1.30864
5,4,1,0,20,cycle,basic,basic,20,6,7,5.8e-05
6,4,1,1,36,cycle,basic,basic,36,8,15,8.1e-05
7,4,1,2,56,cycle,basic,basic,56,13,59,0.000191
8,4,1,3,80,cycle,basic,basic,80,19,203,0.000594
9,4,1,4,108,cycle,basic,basic,108,26,269,0.000793
10,4,1,5,140,cycle,basic,basic,140,34,15209,0.147027
16,3,2,6,528,basic,basic,minmax,528,66,76427,2.07511
4,3,1,0,12,cycle,basic,matrix,12,3,4,3e-05
6,3,1,2,42,cycle,basic,matrix,42,8,22,0.000196
8,3,1,4,88,cycle,basic,matrix,88,19,84,0.000724
10,3,2,0,150,cycle,basic,matrix,150,15,16,0.000174
12,3,2,2,252,cycle,basic,matrix,252,26,130,0.00188
14,3,2,4,378,cycle,basic,matrix,378,43,1837,0.073416
16,3,2,6,528,cycle,basic,matrix,528,64,10649,0.352342
5,4,1,0,20,cycle,basic,matrix,20,6,7,4.8e-05
6,4,1,1,36,cycle,basic,matrix,36,8,15,0.000109
7,4,1,2,56,cycle,basic,matrix,56,13,58,0.000423
8,4,1,3,80,cycle,basic,matrix,80,19,126,0.001079
9,4,1,4,108,cycle,basic,matrix,108,26,60,0.000622
10,4,1,5,140,cycle,basic,matrix,140,34,376,0.004245
11,4,1,6,176,cycle,basic,matrix,176,43,797,0.010235
4,3,1,0,12,cycle,basic,minmax,12,3,4,4.7e-05
6,3,1,2,42,cycle,basic,minmax,42,8,22,0.000195
8,3,1,4,88,cycle,basic,minmax,88,19,84,0.000996
10,3,2,0,150,cycle,basic,minmax,150,15,16,0.000304
12,3,2,2,252,cycle,basic,minmax,252,26,130,0.001962
14,3,2,4,378,cycle,basic,minmax,378,43,1837,0.112923
11,4,1,6,176,cycle,basic,basic,176,43,316868,1.22731
5,4,1,0,20,cycle,basic,minmax,20,6,7,7.9e-05
6,4,1,1,36,cycle,basic,minmax,36,8,15,0.000155
7,4,1,2,56,cycle,basic,minmax,56,13,58,0.000553
8,4,1,3,80,cycle,basic,minmax,80,19,126,0.00136
9,4,1,4,108,cycle,basic,minmax,108,26,60,0.002887
16,3,2,6,528,cycle,basic,minmax,528,64,10649,0.371714
10,4,1,5,140,cycle,basic,minmax,140,34,376,0.015223
11,4,1,6,176,cycle,basic,minmax,176,43,797,0.029429
4,3,1,0,12,stree,basic,basic,12,3,4,5.2e-05
6,3,1,2,42,stree,basic,basic,42,8,9,5.4e-05
10,3,2,0,150,stree,basic,basic,150,15,16,8.7e-05
8,3,1,4,88,stree,basic,basic,88,13,16,7.6e-05
12,3,2,2,252,stree,basic,basic,252,26,27,0.000141
14,3,2,4,378,stree,basic,basic,378,41,58,0.000252
16,3,2,6,528,stree,basic,basic,528,60,184,0.000835
5,4,1,0,20,stree,basic,basic,20,6,7,6.6e-05
6,4,1,1,36,stree,basic,basic,36,9,23,0.000103
7,4,1,2,56,stree,basic,basic,56,13,45,0.000156
8,4,1,3,80,stree,basic,basic,80,18,19,0.000116
9,4,1,4,108,stree,basic,basic,108,24,38,0.00014
10,4,1,5,140,stree,basic,basic,140,31,45,0.000166
4,3,1,0,12,stree,basic,matrix,12,3,4,3.9e-05
11,4,1,6,176,stree,basic,basic,176,39,135,0.000928
6,3,1,2,42,stree,basic,matrix,42,8,9,7.1e-05
8,3,1,4,88,stree,basic,matrix,88,13,15,0.000394
10,3,2,0,150,stree,basic,matrix,150,15,16,0.000178
12,3,2,2,252,stree,basic,matrix,252,26,27,0.000744
14,3,2,4,378,stree,basic,matrix,378,41,51,0.001021
5,4,1,0,20,stree,basic,matrix,20,6,7,6.1e-05
16,3,2,6,528,stree,basic,matrix,528,60,69,0.001653
6,4,1,1,36,stree,basic,matrix,36,9,23,0.000285
7,4,1,2,56,stree,basic,matrix,56,13,45,0.000295
8,4,1,3,80,stree,basic,matrix,80,18,19,0.000349
9,4,1,4,108,stree,basic,matrix,108,24,32,0.000617
10,4,1,5,140,stree,basic,matrix,140,31,38,0.000687
11,4,1,6,176,stree,basic,matrix,176,39,63,0.001146
4,3,1,0,12,stree,basic,minmax,12,3,4,6.6e-05
6,3,1,2,42,stree,basic,minmax,42,8,9,0.00021
8,3,1,4,88,stree,basic,minmax,88,13,15,0.000359
10,3,2,0,150,stree,basic,minmax,150,15,16,0.000238
12,3,2,2,252,stree,basic,minmax,252,26,27,0.000949
16,3,2,6,528,stree,basic,minmax,528,60,69,0.002724
14,3,2,4,378,stree,basic,minmax,378,41,51,0.001912
5,4,1,0,20,stree,basic,minmax,20,6,7,9.4e-05
6,4,1,1,36,stree,basic,minmax,36,9,23,0.000232
7,4,1,2,56,stree,basic,minmax,56,13,45,0.000465
8,4,1,3,80,stree,basic,minmax,80,18,19,0.000275
9,4,1,4,108,stree,basic,minmax,108,24,32,0.000481
10,4,1,5,140,stree,basic,minmax,140,31,38,0.000791
4,3,1,0,12,cycle,sorted,basic,12,3,4,3.8e-05
11,4,1,6,176,stree,basic,minmax,176,39,63,0.002059
6,3,1,2,42,cycle,sorted,basic,42,8,20,7.7e-05
8,3,1,4,88,cycle,sorted,basic,88,19,116,0.000278
10,3,2,0,150,cycle,sorted,basic,150,15,16,0.000187
12,3,2,2,252,cycle,sorted,basic,252,26,60,0.000234
14,3,2,4,378,cycle,sorted,basic,378,43,1765,0.00576
5,4,1,0,20,cycle,sorted,basic,20,6,7,5.8e-05
6,4,1,1,36,cycle,sorted,basic,36,8,11,6.7e-05
7,4,1,2,56,cycle,sorted,basic,56,13,65,0.000201
8,4,1,3,80,cycle,sorted,basic,80,19,248,0.001307
9,4,1,4,108,cycle,sorted,basic,108,26,1004,0.002698
10,4,1,5,140,cycle,sorted,basic,140,34,6015,0.021842
16,3,2,6,528,cycle,sorted,basic,528,64,100368,0.537905
4,3,1,0,12,cycle,sorted,matrix,12,3,4,2.8e-05
6,3,1,2,42,cycle,sorted,matrix,42,8,19,0.000125
8,3,1,4,88,cycle,sorted,matrix,88,19,52,0.000418
10,3,2,0,150,cycle,sorted,matrix,150,15,16,0.00018
11,4,1,6,176,cycle,sorted,basic,176,43,63018,0.384822
12,3,2,2,252,cycle,sorted,matrix,252,26,60,0.000915
14,3,2,4,378,cycle,sorted,matrix,378,43,1000,0.04755
5,4,1,0,20,cycle,sorted,matrix,20,6,7,4.9e-05
6,4,1,1,36,cycle,sorted,matrix,36,8,11,8.9e-05
16,3,2,6,528,cycle,sorted,matrix,528,64,4124,0.17542
7,4,1,2,56,cycle,sorted,matrix,56,13,62,0.00043
8,4,1,3,80,cycle,sorted,matrix,80,19,169,0.00197
9,4,1,4,108,cycle,sorted,matrix,108,26,282,0.002646
10,4,1,5,140,cycle,sorted,matrix,140,34,555,0.005939
11,4,1,6,176,cycle,sorted,matrix,176,43,1098,0.041357
4,3,1,0,12,cycle,sorted,minmax,12,3,4,4.9e-05
6,3,1,2,42,cycle,sorted,minmax,42,8,19,0.000185
10,3,2,0,150,cycle,sorted,minmax,150,15,16,0.000253
8,3,1,4,88,cycle,sorted,minmax,88,19,52,0.001132
12,3,2,2,252,cycle,sorted,minmax,252,26,60,0.001003
14,3,2,4,378,cycle,sorted,minmax,378,43,1000,0.03557
5,4,1,0,20,cycle,sorted,minmax,20,6,7,7.9e-05
6,4,1,1,36,cycle,sorted,minmax,36,8,11,0.000124
7,4,1,2,56,cycle,sorted,minmax,56,13,62,0.000566
8,4,1,3,80,cycle,sorted,minmax,80,19,169,0.006382
9,4,1,4,108,cycle,sorted,minmax,108,26,282,0.003388
10,4,1,5,140,cycle,sorted,minmax,140,34,555,0.00821
11,4,1,6,176,cycle,sorted,minmax,176,43,1098,0.033933
16,3,2,6,528,cycle,sorted,minmax,528,64,4124,0.296431
4,3,1,0,12,basic,basic,basic,12,3,4,3.9e-05
6,3,1,2,42,basic,basic,basic,42,10,44,0.000294
10,3,2,0,150,basic,basic,basic,150,15,16,0.000111
8,3,1,4,88,basic,basic,basic,88,21,642,0.002544
12,3,2,2,252,basic,basic,basic,252,28,76,0.000227
14,3,2,4,378,basic,basic,basic,378,45,3950,0.032536
5,4,1,0,20,basic,basic,basic,20,6,7,5.4e-05
6,4,1,1,36,basic,basic,basic,36,10,46,0.000164
7,4,1,2,56,basic,basic,basic,56,15,131,0.000367
8,4,1,3,80,basic,basic,basic,80,21,670,0.001748
9,4,1,4,108,basic,basic,basic,108,28,506,0.001365
16,3,2,6,528,basic,basic,basic,528,66,4066148,14.5778
10,4,1,5,140,basic,basic,basic,140,36,38126,0.262121
4,3,1,0,12,basic,basic,matrix,12,3,4,2.9e-05
6,3,1,2,42,basic,basic,matrix,42,10,38,0.00024
8,3,1,4,88,basic,basic,matrix,88,21,78,0.000637
10,3,2,0,150,basic,basic,matrix,150,15,16,0.000176
12,3,2,2,252,basic,basic,matrix,252,28,70,0.001172
14,3,2,4,378,basic,basic,matrix,378,45,1300,0.045113
16,3,2,6,528,basic,basic,matrix,528,66,76427,1.84595
5,4,1,0,20,basic,basic,matrix,20,6,7,5.2e-05
6,4,1,1,36,basic,basic,matrix,36,10,46,0.000266
7,4,1,2,56,basic,basic,matrix,56,15,119,0.000739
8,4,1,3,80,basic,basic,matrix,80,21,390,0.00284
9,4,1,4,108,basic,basic,matrix,108,28,83,0.0008
10,4,1,5,140,basic,basic,matrix,140,36,938,0.012105
11,4,1,6,176,basic,basic,matrix,176,45,1563,0.025453
4,3,1,0,12,basic,basic,minmax,12,3,4,7.5e-05
6,3,1,2,42,basic,basic,minmax,42,10,38,0.000318
8,3,1,4,88,basic,basic,minmax,88,21,78,0.000885
10,3,2,0,150,basic,basic,minmax,150,15,16,0.000416
12,3,2,2,252,basic,basic,minmax,252,28,70,0.001025
14,3,2,4,378,basic,basic,minmax,378,45,1300,0.064505
11,4,1,6,176,basic,basic,basic,176,45,797508,2.93141
5,4,1,0,20,basic,basic,minmax,20,6,7,8.3e-05
6,4,1,1,36,basic,basic,minmax,36,10,46,0.000359
7,4,1,2,56,basic,basic,minmax,56,15,119,0.000988
8,4,1,3,80,basic,basic,minmax,80,21,390,0.003831
9,4,1,4,108,basic,basic,minmax,108,28,83,0.001085
10,4,1,5,140,basic,basic,minmax,140,36,938,0.015857
11,4,1,6,176,basic,basic,minmax,176,45,1563,0.041896
4,3,1,0,12,cycle,basic,basic,12,3,4,3.9e-05
6,3,1,2,42,cycle,basic,basic,42,8,23,8.8e-05
8,3,1,4,88,cycle,basic,basic,88,19,501,0.001365
10,3,2,0,150,cycle,basic,basic,150,15,16,9.1e-05
12,3,2,2,252,cycle,basic,basic,252,26,130,0.000385
14,3,2,4,378,cycle,basic,basic,378,43,3508,0.012666
16,3,2,6,528,basic,basic,minmax,528,66,76427,1.92979
5,4,1,0,20,cycle,basic,basic,20,6,7,5.8e-05
6,4,1,1,36,cycle,basic,basic,36,8,15,7.6e-05
7,4,1,2,56,cycle,basic,basic,56,13,59,0.000197
8,4,1,3,80,cycle,basic,basic,80,19,203,0.000608
9,4,1,4,108,cycle,basic,basic,108,26,269,0.000765
10,4,1,5,140,cycle,basic,basic,140,34,15209,0.074658
16,3,2,6,528,cycle,basic,basic,528,64,321233,1.37455
4,3,1,0,12,cycle,basic,matrix,12,3,4,2.8e-05
6,3,1,2,42,cycle,basic,matrix,42,8,22,0.000142
8,3,1,4,88,cycle,basic,matrix,88,19,84,0.0007
10,3,2,0,150,cycle,basic,matrix,150,15,16,0.000249
12,3,2,2,252,cycle,basic,matrix,252,26,130,0.002023
14,3,2,4,378,cycle,basic,matrix,378,43,1837,0.084319
16,3,2,6,528,cycle,basic,matrix,528,64,10649,0.350172
5,4,1,0,20,cycle,basic,matrix,20,6,7,4.8e-05
6,4,1,1,36,cycle,basic,matrix,36,8,15,0.000108
7,4,1,2,56,cycle,basic,matrix,56,13,58,0.000452
8,4,1,3,80,cycle,basic,matrix,80,19,126,0.000963
9,4,1,4,108,cycle,basic,matrix,108,26,60,0.000567
10,4,1,5,140,cycle,basic,matrix,140,34,376,0.004103
11,4,1,6,176,cycle,basic,matrix,176,43,797,0.009609
4,3,1,0,12,cycle,basic,minmax,12,3,4,5e-05
6,3,1,2,42,cycle,basic,minmax,42,8,22,0.000199
8,3,1,4,88,cycle,basic,minmax,88,19,84,0.000972
10,3,2,0,150,cycle,basic,minmax,150,15,16,0.000256
12,3,2,2,252,cycle,basic,minmax,252,26,130,0.003104
14,3,2,4,378,cycle,basic,minmax,378,43,1837,0.045094
16,3,2,6,528,cycle,basic,minmax,528,64,10649,0.3656
5,4,1,0,20,cycle,basic,minmax,20,6,7,8.3e-05
6,4,1,1,36,cycle,basic,minmax,36,8,15,0.000197
7,4,1,2,56,cycle,basic,minmax,56,13,58,0.000629
8,4,1,3,80,cycle,basic,minmax,80,19,126,0.001406
9,4,1,4,108,cycle,basic,minmax,108,26,60,0.000831
10,4,1,5,140,cycle,basic,minmax,140,34,376,0.005533
11,4,1,6,176,cycle,basic,minmax,176,43,797,0.039484
4,3,1,0,12,stree,basic,basic,12,3,4,0.000139
6,3,1,2,42,stree,basic,basic,42,8,9,5.5e-05
8,3,1,4,88,stree,basic,basic,88,13,16,7.4e-05
10,3,2,0,150,stree,basic,basic,150,15,16,8.7e-05
12,3,2,2,252,stree,basic,basic,252,26,27,0.000108
14,3,2,4,378,stree,basic,basic,378,41,58,0.000193
16,3,2,6,528,stree,basic,basic,528,60,184,0.000675
5,4,1,0,20,stree,basic,basic,20,6,7,6.8e-05
6,4,1,1,36,stree,basic,basic,36,9,23,0.000101
7,4,1,2,56,stree,basic,basic,56,13,45,0.000173
8,4,1,3,80,stree,basic,basic,80,18,19,8.7e-05
9,4,1,4,108,stree,basic,basic,108,24,38,0.000142
10,4,1,5,140,stree,basic,basic,140,31,45,0.000205
11,4,1,6,176,stree,basic,basic,176,39,135,0.000521
4,3,1,0,12,stree,basic,matrix,12,3,4,8.8e-05
6,3,1,2,42,stree,basic,matrix,42,8,9,0.000138
8,3,1,4,88,stree,basic,matrix,88,13,15,0.000179
10,3,2,0,150,stree,basic,matrix,150,15,16,0.000181
12,3,2,2,252,stree,basic,matrix,252,26,27,0.000452
14,3,2,4,378,stree,basic,matrix,378,41,51,0.000977
16,3,2,6,528,stree,basic,matrix,528,60,69,0.001571
5,4,1,0,20,stree,basic,matrix,20,6,7,6.4e-05
6,4,1,1,36,stree,basic,matrix,36,9,23,0.000173
7,4,1,2,56,stree,basic,matrix,56,13,45,0.000313
8,4,1,3,80,stree,basic,matrix,80,18,19,0.000177
9,4,1,4,108,stree,basic,matrix,108,24,32,0.00031
10,4,1,5,140,stree,basic,matrix,140,31,38,0.000435
11,4,1,6,176,stree,basic,matrix,176,39,63,0.00107
4,3,1,0,12,stree,basic,minmax,12,3,4,6.3e-05
6,3,1,2,42,stree,basic,minmax,42,8,9,0.000263
8,3,1,4,88,stree,basic,minmax,88,13,15,0.000182
10,3,2,0,150,stree,basic,minmax,150,15,16,0.000235
12,3,2,2,252,stree,basic,minmax,252,26,27,0.000431
14,3,2,4,378,stree,basic,minmax,378,41,51,0.000883
16,3,2,6,528,stree,basic,minmax,528,60,69,0.001662
5,4,1,0,20,stree,basic,minmax,20,6,7,0.000139
6,4,1,1,36,stree,basic,minmax,36,9,23,0.000237
7,4,1,2,56,stree,basic,minmax,56,13,45,0.000696
8,4,1,3,80,stree,basic,minmax,80,18,19,0.000261
11,4,1,6,176,cycle,basic,basic,176,43,316868,1.26403
9,4,1,4,108,stree,basic,minmax,108,24,32,0.000433
10,4,1,5,140,stree,basic,minmax,140,31,38,0.000552
11,4,1,6,176,stree,basic,minmax,176,39,63,0.000975
4,3,1,0,12,cycle,sorted,basic,12,3,4,7.2e-05
6,3,1,2,42,cycle,sorted,basic,42,8,20,7.8e-05
8,3,1,4,88,cycle,sorted,basic,88,19,116,0.000282
10,3,2,0,150,cycle,sorted,basic,150,15,16,9e-05
12,3,2,2,252,cycle,sorted,basic,252,26,60,0.00022
14,3,2,4,378,cycle,sorted,basic,378,43,1765,0.005911
5,4,1,0,20,cycle,sorted,basic,20,6,7,5.5e-05
6,4,1,1,36,cycle,sorted,basic,36,8,11,6.6e-05
7,4,1,2,56,cycle,sorted,basic,56,13,65,0.000261
8,4,1,3,80,cycle,sorted,basic,80,19,248,0.000818
9,4,1,4,108,cycle,sorted,basic,108,26,1004,0.003285
10,4,1,5,140,cycle,sorted,basic,140,34,6015,0.047951
11,4,1,6,176,cycle,sorted,basic,176,43,63018,0.313919
4,3,1,0,12,cycle,sorted,matrix,12,3,4,2.9e-05
6,3,1,2,42,cycle,sorted,matrix,42,8,19,0.000132
8,3,1,4,88,cycle,sorted,matrix,88,19,52,0.000542
10,3,2,0,150,cycle,sorted,matrix,150,15,16,0.000182
12,3,2,2,252,cycle,sorted,matrix,252,26,60,0.00093
14,3,2,4,378,cycle,sorted,matrix,378,43,1000,0.029893
16,3,2,6,528,cycle,sorted,basic,528,64,100368,0.559944
5,4,1,0,20,cycle,sorted,matrix,20,6,7,4.8e-05
6,4,1,1,36,cycle,sorted,matrix,36,8,11,8.7e-05
16,3,2,6,528,cycle,sorted,matrix,528,64,4124,0.196942
7,4,1,2,56,cycle,sorted,matrix,56,13,62,0.000427
8,4,1,3,80,cycle,sorted,matrix,80,19,169,0.001957
9,4,1,4,108,cycle,sorted,matrix,108,26,282,0.002706
10,4,1,5,140,cycle,sorted,matrix,140,34,555,0.005823
4,3,1,0,12,cycle,sorted,minmax,12,3,4,5e-05
11,4,1,6,176,cycle,sorted,matrix,176,43,1098,0.036527
6,3,1,2,42,cycle,sorted,minmax,42,8,19,0.000175
8,3,1,4,88,cycle,sorted,minmax,88,19,52,0.000801
10,3,2,0,150,cycle,sorted,minmax,150,15,16,0.000475
12,3,2,2,252,cycle,sorted,minmax,252,26,60,0.001718
14,3,2,4,378,cycle,sorted,minmax,378,43,1000,0.053351
5,4,1,0,20,cycle,sorted,minmax,20,6,7,0.000133
6,4,1,1,36,cycle,sorted,minmax,36,8,11,0.000128
7,4,1,2,56,cycle,sorted,minmax,56,13,62,0.000658
16,3,2,6,528,cycle,sorted,minmax,528,64,4124,0.168798
8,4,1,3,80,cycle,sorted,minmax,80,19,169,0.00173
9,4,1,4,108,cycle,sorted,minmax,108,26,282,0.003403
10,4,1,5,140,cycle,sorted,minmax,140,34,555,0.014765
4,3,1,0,12,basic,basic,basic,12,3,4,3.9e-05
11,4,1,6,176,cycle,sorted,minmax,176,43,1098,0.048696
6,3,1,2,42,basic,basic,basic,42,10,44,0.00014
10,3,2,0,150,basic,basic,basic,150,15,16,9.4e-05
8,3,1,4,88,basic,basic,basic,88,21,642,0.003611
12,3,2,2,252,basic,basic,basic,252,28,76,0.000256
14,3,2,4,378,basic,basic,basic,378,45,3950,0.066391
5,4,1,0,20,basic,basic,basic,20,6,7,5.6e-05
6,4,1,1,36,basic,basic,basic,36,10,46,0.000275
7,4,1,2,56,basic,basic,basic,56,15,131,0.00046
16,3,2,6,528,basic,basic,basic,528,66,4066148,14.8453
8,4,1,3,80,basic,basic,basic,80,21,670,0.005459
9,4,1,4,108,basic,basic,basic,108,28,506,0.001449
10,4,1,5,140,basic,basic,basic,140,36,38126,0.295005
4,3,1,0,12,basic,basic,matrix,12,3,4,3.2e-05
6,3,1,2,42,basic,basic,matrix,42,10,38,0.000414
8,3,1,4,88,basic,basic,matrix,88,21,78,0.00068
10,3,2,0,150,basic,basic,matrix,150,15,16,0.000177
12,3,2,2,252,basic,basic,matrix,252,28,70,0.00114
14,3,2,4,378,basic,basic,matrix,378,45,1300,0.055371
16,3,2,6,528,basic,basic,matrix,528,66,76427,1.92356
5,4,1,0,20,basic,basic,matrix,20,6,7,4.9e-05
6,4,1,1,36,basic,basic,matrix,36,10,46,0.000267
7,4,1,2,56,basic,basic,matrix,56,15,119,0.000764
8,4,1,3,80,basic,basic,matrix,80,21,390,0.003107
9,4,1,4,108,basic,basic,matrix,108,28,83,0.000799
10,4,1,5,140,basic,basic,matrix,140,36,938,0.011198
11,4,1,6,176,basic,basic,matrix,176,45,1563,0.062374
4,3,1,0,12,basic,basic,minmax,12,3,4,5e-05
6,3,1,2,42,basic,basic,minmax,42,10,38,0.00034
8,3,1,4,88,basic,basic,minmax,88,21,78,0.000882
10,3,2,0,150,basic,basic,minmax,150,15,16,0.000244
12,3,2,2,252,basic,basic,minmax,252,28,70,0.001059
14,3,2,4,378,basic,basic,minmax,378,45,1300,0.030825
11,4,1,6,176,basic,basic,basic,176,45,797508,2.99886
5,4,1,0,20,basic,basic,minmax,20,6,7,0.000179
6,4,1,1,36,basic,basic,minmax,36,10,46,0.000359
7,4,1,2,56,basic,basic,minmax,56,15,119,0.000986
8,4,1,3,80,basic,basic,minmax,80,21,390,0.003847
9,4,1,4,108,basic,basic,minmax,108,28,83,0.001038
10,4,1,5,140,basic,basic,minmax,140,36,938,0.021263
11,4,1,6,176,basic,basic,minmax,176,45,1563,0.041376
4,3,1,0,12,cycle,basic,basic,12,3,4,3.6e-05
6,3,1,2,42,cycle,basic,basic,42,8,23,8.6e-05
8,3,1,4,88,cycle,basic,basic,88,19,501,0.004642
10,3,2,0,150,cycle,basic,basic,150,15,16,8.9e-05
12,3,2,2,252,cycle,basic,basic,252,26,130,0.000481
14,3,2,4,378,cycle,basic,basic,378,43,3508,0.035032
16,3,2,6,528,basic,basic,minmax,528,66,76427,2.09971
5,4,1,0,20,cycle,basic,basic,20,6,7,6.9e-05
6,4,1,1,36,cycle,basic,basic,36,8,15,7.8e-05
7,4,1,2,56,cycle,basic,basic,56,13,59,0.000193
8,4,1,3,80,cycle,basic,basic,80,19,203,0.000619
9,4,1,4,108,cycle,basic,basic,108,26,269,0.000839
10,4,1,5,140,cycle,basic,basic,140,34,15209,0.096496
16,3,2,6,528,cycle,basic,basic,528,64,321233,1.35705
4,3,1,0,12,cycle,basic,matrix,12,3,4,6.5e-05
6,3,1,2,42,cycle,basic,matrix,42,8,22,0.000199
8,3,1,4,88,cycle,basic,matrix,88,19,84,0.000733
10,3,2,0,150,cycle,basic,matrix,150,15,16,0.000214
12,3,2,2,252,cycle,basic,matrix,252,26,130,0.002255
14,3,2,4,378,cycle,basic,matrix,378,43,1837,0.05797
16,3,2,6,528,cycle,basic,matrix,528,64,10649,0.358774
5,4,1,0,20,cycle,basic,matrix,20,6,7,9.9e-05
6,4,1,1,36,cycle,basic,matrix,36,8,15,0.000149
7,4,1,2,56,cycle,basic,matrix,56,13,58,0.000366
8,4,1,3,80,cycle,basic,matrix,80,19,126,0.001302
9,4,1,4,108,cycle,basic,matrix,108,26,60,0.000571
10,4,1,5,140,cycle,basic,matrix,140,34,376,0.004698
11,4,1,6,176,cycle,basic,matrix,176,43,797,0.01167
4,3,1,0,12,cycle,basic,minmax,12,3,4,5e-05
6,3,1,2,42,cycle,basic,minmax,42,8,22,0.000202
8,3,1,4,88,cycle,basic,minmax,88,19,84,0.001038
10,3,2,0,150,cycle,basic,minmax,150,15,16,0.000238
12,3,2,2,252,cycle,basic,minmax,252,26,130,0.003411
14,3,2,4,378,cycle,basic,minmax,378,43,1837,0.05274
16,3,2,6,528,cycle,basic,minmax,528,64,10649,0.356108
5,4,1,0,20,cycle,basic,minmax,20,6,7,8.5e-05
6,4,1,1,36,cycle,basic,minmax,36,8,15,0.000159
7,4,1,2,56,cycle,basic,minmax,56,13,58,0.000547
8,4,1,3,80,cycle,basic,minmax,80,19,126,0.001406
9,4,1,4,108,cycle,basic,minmax,108,26,60,0.000787
10,4,1,5,140,cycle,basic,minmax,140,34,376,0.005277
11,4,1,6,176,cycle,basic,minmax,176,43,797,0.014663
4,3,1,0,12,stree,basic,basic,12,3,4,5.1e-05
6,3,1,2,42,stree,basic,basic,42,8,9,5.5e-05
8,3,1,4,88,stree,basic,basic,88,13,16,8.3e-05
10,3,2,0,150,stree,basic,basic,150,15,16,8.7e-05
12,3,2,2,252,stree,basic,basic,252,26,27,0.00011
14,3,2,4,378,stree,basic,basic,378,41,58,0.000214
16,3,2,6,528,stree,basic,basic,528,60,184,0.000719
5,4,1,0,20,stree,basic,basic,20,6,7,6.4e-05
6,4,1,1,36,stree,basic,basic,36,9,23,0.000107
7,4,1,2,56,stree,basic,basic,56,13,45,0.000152
8,4,1,3,80,stree,basic,basic,80,18,19,0.000141
9,4,1,4,108,stree,basic,basic,108,24,38,0.000139
10,4,1,5,140,stree,basic,basic,140,31,45,0.000162
11,4,1,6,176,stree,basic,basic,176,39,135,0.000702
4,3,1,0,12,stree,basic,matrix,12,3,4,4.2e-05
6,3,1,2,42,stree,basic,matrix,42,8,9,0.000141
8,3,1,4,88,stree,basic,matrix,88,13,15,0.000135
10,3,2,0,150,stree,basic,matrix,150,15,16,0.000359
12,3,2,2,252,stree,basic,matrix,252,26,27,0.000483
14,3,2,4,378,stree,basic,matrix,378,41,51,0.001461
16,3,2,6,528,stree,basic,matrix,528,60,69,0.00164
5,4,1,0,20,stree,basic,matrix,20,6,7,9.5e-05
6,4,1,1,36,stree,basic,matrix,36,9,23,0.000156
7,4,1,2,56,stree,basic,matrix,56,13,45,0.000296
8,4,1,3,80,stree,basic,matrix,80,18,19,0.000181
9,4,1,4,108,stree,basic,matrix,108,24,32,0.000586
10,4,1,5,140,stree,basic,matrix,140,31,38,0.000854
11,4,1,6,176,stree,basic,matrix,176,39,63,0.001105
11,4,1,6,176,cycle,basic,basic,176,43,316868,1.31571
4,3,1,0,12,stree,basic,minmax,12,3,4,0.00112
6,3,1,2,42,stree,basic,minmax,42,8,9,0.000199
8,3,1,4,88,stree,basic,minmax,88,13,15,0.000488
12,3,2,2,252,stree,basic,minmax,252,26,27,0.000452
14,3,2,4,378,stree,basic,minmax,378,41,51,0.003311
10,3,2,0,150,stree,basic,minmax,150,15,16,0.000496
16,3,2,6,528,stree,basic,minmax,528,60,69,0.001606
6,4,1,1,36,stree,basic,minmax,36,9,23,0.000339
7,4,1,2,56,stree,basic,minmax,56,13,45,0.000749
5,4,1,0,20,stree,basic,minmax,20,6,7,0.000326
8,4,1,3,80,stree,basic,minmax,80,18,19,0.000437
9,4,1,4,108,stree,basic,minmax,108,24,32,0.000494
10,4,1,5,140,stree,basic,minmax,140,31,38,0.001142
11,4,1,6,176,stree,basic,minmax,176,39,63,0.001652
4,3,1,0,12,cycle,sorted,basic,12,3,4,4e-05
6,3,1,2,42,cycle,sorted,basic,42,8,20,0.000836
10,3,2,0,150,cycle,sorted,basic,150,15,16,0.00019
8,3,1,4,88,cycle,sorted,basic,88,19,116,0.000764
14,3,2,4,378,cycle,sorted,basic,378,43,1765,0.009524
12,3,2,2,252,cycle,sorted,basic,252,26,60,0.00022
5,4,1,0,20,cycle,sorted,basic,20,6,7,5.5e-05
6,4,1,1,36,cycle,sorted,basic,36,8,11,0.000171
7,4,1,2,56,cycle,sorted,basic,56,13,65,0.000197
8,4,1,3,80,cycle,sorted,basic,80,19,248,0.000692
9,4,1,4,108,cycle,sorted,basic,108,26,1004,0.003198
10,4,1,5,140,cycle,sorted,basic,140,34,6015,0.067977
11,4,1,6,176,cycle,sorted,basic,176,43,63018,0.389151
4,3,1,0,12,cycle,sorted,matrix,12,3,4,3.1e-05
6,3,1,2,42,cycle,sorted,matrix,42,8,19,0.000249
8,3,1,4,88,cycle,sorted,matrix,88,19,52,0.000418
10,3,2,0,150,cycle,sorted,matrix,150,15,16,0.000365
12,3,2,2,252,cycle,sorted,matrix,252,26,60,0.000925
16,3,2,6,528,cycle,sorted,basic,528,64,100368,0.527565
14,3,2,4,378,cycle,sorted,matrix,378,43,1000,0.052265
5,4,1,0,20,cycle,sorted,matrix,20,6,7,4.9e-05
6,4,1,1,36,cycle,sorted,matrix,36,8,11,8.9e-05
7,4,1,2,56,cycle,sorted,matrix,56,13,62,0.000411
8,4,1,3,80,cycle,sorted,matrix,80,19,169,0.00134
9,4,1,4,108,cycle,sorted,matrix,108,26,282,0.003989
16,3,2,6,528,cycle,sorted,matrix,528,64,4124,0.201253
10,4,1,5,140,cycle,sorted,matrix,140,34,555,0.015417
11,4,1,6,176,cycle,sorted,matrix,176,43,1098,0.032356
6,3,1,2,42,cycle,sorted,minmax,42,8,19,0.000175
4,3,1,0,12,cycle,sorted,minmax,12,3,4,9.2e-05
8,3,1,4,88,cycle,sorted,minmax,88,19,52,0.000584
10,3,2,0,150,cycle,sorted,minmax,150,15,16,0.000237
12,3,2,2,252,cycle,sorted,minmax,252,26,60,0.000943
14,3,2,4,378,cycle,sorted,minmax,378,43,1000,0.080387
5,4,1,0,20,cycle,sorted,minmax,20,6,7,8.1e-05
6,4,1,1,36,cycle,sorted,minmax,36,8,11,0.000231
7,4,1,2,56,cycle,sorted,minmax,56,13,62,0.000574
8,4,1,3,80,cycle,sorted,minmax,80,19,169,0.008556
9,4,1,4,108,cycle,sorted,minmax,108,26,282,0.003452
10,4,1,5,140,cycle,sorted,minmax,140,34,555,0.014654
11,4,1,6,176,cycle,sorted,minmax,176,43,1098,0.016455
4,3,1,0,12,basic,basic,basic,12,3,4,3.6e-05
6,3,1,2,42,basic,basic,basic,42,10,44,0.000135
16,3,2,6,528,cycle,sorted,minmax,528,64,4124,0.276817
10,3,2,0,150,basic,basic,basic,150,15,16,8.6e-05
8,3,1,4,88,basic,basic,basic,88,21,642,0.002573
12,3,2,2,252,basic,basic,basic,252,28,76,0.000298
14,3,2,4,378,basic,basic,basic,378,45,3950,0.038928
5,4,1,0,20,basic,basic,basic,20,6,7,6.6e-05
6,4,1,1,36,basic,basic,basic,36,10,46,0.000162
7,4,1,2,56,basic,basic,basic,56,15,131,0.00474
8,4,1,3,80,basic,basic,basic,80,21,670,0.004423
9,4,1,4,108,basic,basic,basic,108,28,506,0.001362
10,4,1,5,140,basic,basic,basic,140,36,38126,0.222326
16,3,2,6,528,basic,basic,basic,528,66,4066148,15.2201
4,3,1,0,12,basic,basic,matrix,12,3,4,2.9e-05
6,3,1,2,42,basic,basic,matrix,42,10,38,0.000305
8,3,1,4,88,basic,basic,matrix,88,21,78,0.000743
10,3,2,0,150,basic,basic,matrix,150,15,16,0.000175
12,3,2,2,252,basic,basic,matrix,252,28,70,0.001153
14,3,2,4,378,basic,basic,matrix,378,45,1300,0.040224
11,4,1,6,176,basic,basic,basic,176,45,797508,2.85494
5,4,1,0,20,basic,basic,matrix,20,6,7,4.6e-05
6,4,1,1,36,basic,basic,matrix,36,10,46,0.000306
7,4,1,2,56,basic,basic,matrix,56,15,119,0.000787
8,4,1,3,80,basic,basic,matrix,80,21,390,0.002804
9,4,1,4,108,basic,basic,matrix,108,28,83,0.000883
10,4,1,5,140,basic,basic,matrix,140,36,938,0.032068
11,4,1,6,176,basic,basic,matrix,176,45,1563,0.023407
4,3,1,0,12,basic,basic,minmax,12,3,4,5.1e-05
6,3,1,2,42,basic,basic,minmax,42,10,38,0.000322
8,3,1,4,88,basic,basic,minmax,88,21,78,0.000863
10,3,2,0,150,basic,basic,minmax,150,15,16,0.000242
12,3,2,2,252,basic,basic,minmax,252,28,70,0.001194
14,3,2,4,378,basic,basic,minmax,378,45,1300,0.069726
16,3,2,6,528,basic,basic,matrix,528,66,76427,1.90472
5,4,1,0,20,basic,basic,minmax,20,6,7,8.4e-05
6,4,1,1,36,basic,basic,minmax,36,10,46,0.000372
7,4,1,2,56,basic,basic,minmax,56,15,119,0.001293
8,4,1,3,80,basic,basic,minmax,80,21,390,0.003852
9,4,1,4,108,basic,basic,minmax,108,28,83,0.001042
10,4,1,5,140,basic,basic,minmax,140,36,938,0.018868
11,4,1,6,176,basic,basic,minmax,176,45,1563,0.039562
4,3,1,0,12,cycle,basic,basic,12,3,4,4.1e-05
6,3,1,2,42,cycle,basic,basic,42,8,23,9.1e-05
8,3,1,4,88,cycle,basic,basic,88,19,501,0.001293
10,3,2,0,150,cycle,basic,basic,150,15,16,8.7e-05
12,3,2,2,252,cycle,basic,basic,252,26,130,0.000414
14,3,2,4,378,cycle,basic,basic,378,43,3508,0.020943
16,3,2,6,528,basic,basic,minmax,528,66,76427,1.9661
5,4,1,0,20,cycle,basic,basic,20,6,7,5.7e-05
6,4,1,1,36,cycle,basic,basic,36,8,15,7.8e-05
7,4,1,2,56,cycle,basic,basic,56,13,59,0.000192
8,4,1,3,80,cycle,basic,basic,80,19,203,0.000564
9,4,1,4,108,cycle,basic,basic,108,26,269,0.00076
10,4,1,5,140,cycle,basic,basic,140,34,15209,0.137465
16,3,2,6,528,cycle,basic,basic,528,64,321233,1.29977
4,3,1,0,12,cycle,basic,matrix,12,3,4,3.1e-05
6,3,1,2,42,cycle,basic,matrix,42,8,22,0.000142
8,3,1,4,88,cycle,basic,matrix,88,19,84,0.000671
10,3,2,0,150,cycle,basic,matrix,150,15,16,0.000184
12,3,2,2,252,cycle,basic,matrix,252,26,130,0.001843
14,3,2,4,378,cycle,basic,matrix,378,43,1837,0.111234
16,3,2,6,528,cycle,basic,matrix,528,64,10649,0.347718
5,4,1,0,20,cycle,basic,matrix,20,6,7,4.7e-05
11,4,1,6,176,cycle,basic,basic,176,43,316868,1.24714
6,4,1,1,36,cycle,basic,matrix,36,8,15,0.000112
7,4,1,2,56,cycle,basic,matrix,56,13,58,0.000371
8,4,1,3,80,cycle,basic,matrix,80,19,126,0.001327
9,4,1,4,108,cycle,basic,matrix,108,26,60,0.00061
10,4,1,5,140,cycle,basic,matrix,140,34,376,0.00435
11,4,1,6,176,cycle,basic,matrix,176,43,797,0.011398
4,3,1,0,12,cycle,basic,minmax,12,3,4,5.2e-05
6,3,1,2,42,cycle,basic,minmax,42,8,22,0.000271
8,3,1,4,88,cycle,basic,minmax,88,19,84,0.000974
12,3,2,2,252,cycle,basic,minmax,252,26,130,0.001954
10,3,2,0,150,cycle,basic,minmax,150,15,16,0.000247
14,3,2,4,378,cycle,basic,minmax,378,43,1837,0.106636
5,4,1,0,20,cycle,basic,minmax,20,6,7,8.3e-05
6,4,1,1,36,cycle,basic,minmax,36,8,15,0.000214
7,4,1,2,56,cycle,basic,minmax,56,13,58,0.000547
8,4,1,3,80,cycle,basic,minmax,80,19,126,0.00192
9,4,1,4,108,cycle,basic,minmax,108,26,60,0.000908
10,4,1,5,140,cycle,basic,minmax,140,34,376,0.00558
11,4,1,6,176,cycle,basic,minmax,176,43,797,0.033018
4,3,1,0,12,stree,basic,basic,12,3,4,5.3e-05
6,3,1,2,42,stree,basic,basic,42,8,9,5.7e-05
8,3,1,4,88,stree,basic,basic,88,13,16,7.2e-05
10,3,2,0,150,stree,basic,basic,150,15,16,8.7e-05
12,3,2,2,252,stree,basic,basic,252,26,27,0.000113
14,3,2,4,378,stree,basic,basic,378,41,58,0.000295
16,3,2,6,528,stree,basic,basic,528,60,184,0.000681
5,4,1,0,20,stree,basic,basic,20,6,7,6.6e-05
6,4,1,1,36,stree,basic,basic,36,9,23,0.000106
7,4,1,2,56,stree,basic,basic,56,13,45,0.000152
8,4,1,3,80,stree,basic,basic,80,18,19,0.000106
9,4,1,4,108,stree,basic,basic,108,24,38,0.00014
10,4,1,5,140,stree,basic,basic,140,31,45,0.000177
11,4,1,6,176,stree,basic,basic,176,39,135,0.000507
4,3,1,0,12,stree,basic,matrix,12,3,4,4.5e-05
6,3,1,2,42,stree,basic,matrix,42,8,9,7.4e-05
8,3,1,4,88,stree,basic,matrix,88,13,15,0.000312
10,3,2,0,150,stree,basic,matrix,150,15,16,0.000264
12,3,2,2,252,stree,basic,matrix,252,26,27,0.000621
16,3,2,6,528,cycle,basic,minmax,528,64,10649,0.358639
14,3,2,4,378,stree,basic,matrix,378,41,51,0.001258
5,4,1,0,20,stree,basic,matrix,20,6,7,5.8e-05
16,3,2,6,528,stree,basic,matrix,528,60,69,0.001609
7,4,1,2,56,stree,basic,matrix,56,13,45,0.000301
6,4,1,1,36,stree,basic,matrix,36,9,23,0.000154
8,4,1,3,80,stree,basic,matrix,80,18,19,0.000193
9,4,1,4,108,stree,basic,matrix,108,24,32,0.000351
10,4,1,5,140,stree,basic,matrix,140,31,38,0.000432
11,4,1,6,176,stree,basic,matrix,176,39,63,0.0008
4,3,1,0,12,stree,basic,minmax,12,3,4,6.1e-05
6,3,1,2,42,stree,basic,minmax,42,8,9,0.000103
10,3,2,0,150,stree,basic,minmax,150,15,16,0.000385
8,3,1,4,88,stree,basic,minmax,88,13,15,0.000317
12,3,2,2,252,stree,basic,minmax,252,26,27,0.000707
14,3,2,4,378,stree,basic,minmax,378,41,51,0.001806
16,3,2,6,528,stree,basic,minmax,528,60,69,0.002755
5,4,1,0,20,stree,basic,minmax,20,6,7,0.000472
6,4,1,1,36,stree,basic,minmax,36,9,23,0.000649
8,4,1,3,80,stree,basic,minmax,80,18,19,0.000244
7,4,1,2,56,stree,basic,minmax,56,13,45,0.000419
9,4,1,4,108,stree,basic,minmax,108,24,32,0.000427
10,4,1,5,140,stree,basic,minmax,140,31,38,0.000557
4,3,1,0,12,cycle,sorted,basic,12,3,4,3.6e-05
11,4,1,6,176,stree,basic,minmax,176,39,63,0.000969
6,3,1,2,42,cycle,sorted,basic,42,8,20,8e-05
8,3,1,4,88,cycle,sorted,basic,88,19,116,0.000277
10,3,2,0,150,cycle,sorted,basic,150,15,16,8.6e-05
12,3,2,2,252,cycle,sorted,basic,252,26,60,0.000598
14,3,2,4,378,cycle,sorted,basic,378,43,1765,0.005681
5,4,1,0,20,cycle,sorted,basic,20,6,7,5.7e-05
6,4,1,1,36,cycle,sorted,basic,36,8,11,6.7e-05
7,4,1,2,56,cycle,sorted,basic,56,13,65,0.000199
8,4,1,3,80,cycle,sorted,basic,80,19,248,0.000657
9,4,1,4,108,cycle,sorted,basic,108,26,1004,0.002847
10,4,1,5,140,cycle,sorted,basic,140,34,6015,0.062499
11,4,1,6,176,cycle,sorted,basic,176,43,63018,0.297372
4,3,1,0,12,cycle,sorted,matrix,12,3,4,3.2e-05
6,3,1,2,42,cycle,sorted,matrix,42,8,19,0.000144
8,3,1,4,88,cycle,sorted,matrix,88,19,52,0.000419
10,3,2,0,150,cycle,sorted,matrix,150,15,16,0.000177
12,3,2,2,252,cycle,sorted,matrix,252,26,60,0.00088
14,3,2,4,378,cycle,sorted,matrix,378,43,1000,0.026607
16,3,2,6,528,cycle,sorted,basic,528,64,100368,0.602135
5,4,1,0,20,cycle,sorted,matrix,20,6,7,4.8e-05
6,4,1,1,36,cycle,sorted,matrix,36,8,11,8.8e-05
7,4,1,2,56,cycle,sorted,matrix,56,13,62,0.000447
8,4,1,3,80,cycle,sorted,matrix,80,19,169,0.001339
9,4,1,4,108,cycle,sorted,matrix,108,26,282,0.002937
10,4,1,5,140,cycle,sorted,matrix,140,34,555,0.006433
16,3,2,6,528,cycle,sorted,matrix,528,64,4124,0.194587
4,3,1,0,12,cycle,sorted,minmax,12,3,4,5.1e-05
11,4,1,6,176,cycle,sorted,matrix,176,43,1098,0.046767
6,3,1,2,42,cycle,sorted,minmax,42,8,19,0.000347
10,3,2,0,150,cycle,sorted,minmax,150,15,16,0.000302
8,3,1,4,88,cycle,sorted,minmax,88,19,52,0.000611
12,3,2,2,252,cycle,sorted,minmax,252,26,60,0.000903
14,3,2,4,378,cycle,sorted,minmax,378,43,1000,0.066076
5,4,1,0,20,cycle,sorted,minmax,20,6,7,8.4e-05
6,4,1,1,36,cycle,sorted,minmax,36,8,11,0.000173
7,4,1,2,56,cycle,sorted,minmax,56,13,62,0.000581
8,4,1,3,80,cycle,sorted,minmax,80,19,169,0.001791
9,4,1,4,108,cycle,sorted,minmax,108,26,282,0.004699
16,3,2,6,528,cycle,sorted,minmax,528,64,4124,0.229944
10,4,1,5,140,cycle,sorted,minmax,140,34,555,0.008631
11,4,1,6,176,cycle,sorted,minmax,176,43,1098,0.030882
4,3,1,0,12,basic,basic,basic,12,3,4,6.7e-05
6,3,1,2,42,basic,basic,basic,42,10,44,0.000221
10,3,2,0,150,basic,basic,basic,150,15,16,9e-05
8,3,1,4,88,basic,basic,basic,88,21,642,0.001798
12,3,2,2,252,basic,basic,basic,252,28,76,0.000226
14,3,2,4,378,basic,basic,basic,378,45,3950,0.02534
5,4,1,0,20,basic,basic,basic,20,6,7,5.8e-05
6,4,1,1,36,basic,basic,basic,36,10,46,0.000163
7,4,1,2,56,basic,basic,basic,56,15,131,0.00036
8,4,1,3,80,basic,basic,basic,80,21,670,0.002474
9,4,1,4,108,basic,basic,basic,108,28,506,0.001389
10,4,1,5,140,basic,basic,basic,140,36,38126,0.237851
16,3,2,6,528,basic,basic,basic,528,66,4066148,14.9238
4,3,1,0,12,basic,basic,matrix,12,3,4,2.8e-05
6,3,1,2,42,basic,basic,matrix,42,10,38,0.000241
8,3,1,4,88,basic,basic,matrix,88,21,78,0.00064
10,3,2,0,150,basic,basic,matrix,150,15,16,0.000176
12,3,2,2,252,basic,basic,matrix,252,28,70,0.001096
14,3,2,4,378,basic,basic,matrix,378,45,1300,0.033921
16,3,2,6,528,basic,basic,matrix,528,66,76427,1.83986
5,4,1,0,20,basic,basic,matrix,20,6,7,5e-05
6,4,1,1,36,basic,basic,matrix,36,10,46,0.000348
7,4,1,2,56,basic,basic,matrix,56,15,119,0.000748
8,4,1,3,80,basic,basic,matrix,80,21,390,0.003038
9,4,1,4,108,basic,basic,matrix,108,28,83,0.000827
10,4,1,5,140,basic,basic,matrix,140,36,938,0.010897
11,4,1,6,176,basic,basic,matrix,176,45,1563,0.054592
4,3,1,0,12,basic,basic,minmax,12,3,4,6.3e-05
6,3,1,2,42,basic,basic,minmax,42,10,38,0.00054
8,3,1,4,88,basic,basic,minmax,88,21,78,0.000969
10,3,2,0,150,basic,basic,minmax,150,15,16,0.000246
12,3,2,2,252,basic,basic,minmax,252,28,70,0.001049
14,3,2,4,378,basic,basic,minmax,378,45,1300,0.073705
11,4,1,6,176,basic,basic,basic,176,45,797508,3.11392
5,4,1,0,20,basic,basic,minmax,20,6,7,8.1e-05
6,4,1,1,36,basic,basic,minmax,36,10,46,0.000382
7,4,1,2,56,basic,basic,minmax,56,15,119,0.001002
8,4,1,3,80,basic,basic,minmax,80,21,390,0.003829
9,4,1,4,108,basic,basic,minmax,108,28,83,0.001415
10,4,1,5,140,basic,basic,minmax,140,36,938,0.014052
11,4,1,6,176,basic,basic,minmax,176,45,1563,0.072547
4,3,1,0,12,cycle,basic,basic,12,3,4,3.6e-05
6,3,1,2,42,cycle,basic,basic,42,8,23,8.1e-05
8,3,1,4,88,cycle,basic,basic,88,19,501,0.001222
10,3,2,0,150,cycle,basic,basic,150,15,16,8.9e-05
12,3,2,2,252,cycle,basic,basic,252,26,130,0.000381
14,3,2,4,378,cycle,basic,basic,378,43,3508,0.015341
16,3,2,6,528,cycle,basic,basic,528,64,321233,1.25622
5,4,1,0,20,cycle,basic,basic,20,6,7,5.7e-05
6,4,1,1,36,cycle,basic,basic,36,8,15,0.000154
7,4,1,2,56,cycle,basic,basic,56,13,59,0.00033
8,4,1,3,80,cycle,basic,basic,80,19,203,0.00055
9,4,1,4,108,cycle,basic,basic,108,26,269,0.000752
10,4,1,5,140,cycle,basic,basic,140,34,15209,0.185623
16,3,2,6,528,basic,basic,minmax,528,66,76427,2.05246
4,3,1,0,12,cycle,basic,matrix,12,3,4,6.6e-05
6,3,1,2,42,cycle,basic,matrix,42,8,22,0.000252
8,3,1,4,88,cycle,basic,matrix,88,19,84,0.000803
10,3,2,0,150,cycle,basic,matrix,150,15,16,0.000174
12,3,2,2,252,cycle,basic,matrix,252,26,130,0.00196
14,3,2,4,378,cycle,basic,matrix,378,43,1837,0.074975
16,3,2,6,528,cycle,basic,matrix,528,64,10649,0.328471
5,4,1,0,20,cycle,basic,matrix,20,6,7,4.7e-05
6,4,1,1,36,cycle,basic,matrix,36,8,15,0.000111
7,4,1,2,56,cycle,basic,matrix,56,13,58,0.000366
8,4,1,3,80,cycle,basic,matrix,80,19,126,0.001674
9,4,1,4,108,cycle,basic,matrix,108,26,60,0.000923
10,4,1,5,140,cycle,basic,matrix,140,34,376,0.006203
11,4,1,6,176,cycle,basic,matrix,176,43,797,0.019769
4,3,1,0,12,cycle,basic,minmax,12,3,4,5.5e-05
6,3,1,2,42,cycle,basic,minmax,42,8,22,0.000201
8,3,1,4,88,cycle,basic,minmax,88,19,84,0.000949
10,3,2,0,150,cycle,basic,minmax,150,15,16,0.000397
12,3,2,2,252,cycle,basic,minmax,252,26,130,0.001769
14,3,2,4,378,cycle,basic,minmax,378,43,1837,0.070027
16,3,2,6,528,cycle,basic,minmax,528,64,10649,0.325956
5,4,1,0,20,cycle,basic,minmax,20,6,7,0.0001
6,4,1,1,36,cycle,basic,minmax,36,8,15,0.000156
7,4,1,2,56,cycle,basic,minmax,56,13,58,0.000768
8,4,1,3,80,cycle,basic,minmax,80,19,126,0.001294
9,4,1,4,108,cycle,basic,minmax,108,26,60,0.000777
10,4,1,5,140,cycle,basic,minmax,140,34,376,0.005247
11,4,1,6,176,cycle,basic,minmax,176,43,797,0.015032
4,3,1,0,12,stree,basic,basic,12,3,4,5.2e-05
6,3,1,2,42,stree,basic,basic,42,8,9,5.5e-05
8,3,1,4,88,stree,basic,basic,88,13,16,7.3e-05
10,3,2,0,150,stree,basic,basic,150,15,16,8.6e-05
12,3,2,2,252,stree,basic,basic,252,26,27,0.000123
14,3,2,4,378,stree,basic,basic,378,41,58,0.000196
16,3,2,6,528,stree,basic,basic,528,60,184,0.000684
5,4,1,0,20,stree,basic,basic,20,6,7,7e-05
6,4,1,1,36,stree,basic,basic,36,9,23,0.000108
7,4,1,2,56,stree,basic,basic,56,13,45,0.000155
8,4,1,3,80,stree,basic,basic,80,18,19,8.7e-05
9,4,1,4,108,stree,basic,basic,108,24,38,0.000142
10,4,1,5,140,stree,basic,basic,140,31,45,0.000166
11,4,1,6,176,stree,basic,basic,176,39,135,0.000508
4,3,1,0,12,stree,basic,matrix,12,3,4,4.4e-05
6,3,1,2,42,stree,basic,matrix,42,8,9,0.000109
8,3,1,4,88,stree,basic,matrix,88,13,15,0.000133
10,3,2,0,150,stree,basic,matrix,150,15,16,0.000192
12,3,2,2,252,stree,basic,matrix,252,26,27,0.000456
14,3,2,4,378,stree,basic,matrix,378,41,51,0.001021
16,3,2,6,528,stree,basic,matrix,528,60,69,0.001575
5,4,1,0,20,stree,basic,matrix,20,6,7,6.3e-05
6,4,1,1,36,stree,basic,matrix,36,9,23,0.000152
7,4,1,2,56,stree,basic,matrix,56,13,45,0.000314
8,4,1,3,80,stree,basic,matrix,80,18,19,0.000174
9,4,1,4,108,stree,basic,matrix,108,24,32,0.000351
10,4,1,5,140,stree,basic,matrix,140,31,38,0.000414
11,4,1,6,176,stree,basic,matrix,176,39,63,0.000769
4,3,1,0,12,stree,basic,minmax,12,3,4,6e-05
6,3,1,2,42,stree,basic,minmax,42,8,9,0.000122
8,3,1,4,88,stree,basic,minmax,88,13,15,0.00018
10,3,2,0,150,stree,basic,minmax,150,15,16,0.000253
12,3,2,2,252,stree,basic,minmax,252,26,27,0.000452
14,3,2,4,378,stree,basic,minmax,378,41,51,0.00092
16,3,2,6,528,stree,basic,minmax,528,60,69,0.001432
5,4,1,0,20,stree,basic,minmax,20,6,7,9.5e-05
6,4,1,1,36,stree,basic,minmax,36,9,23,0.000289
7,4,1,2,56,stree,basic,minmax,56,13,45,0.00041
8,4,1,3,80,stree,basic,minmax,80,18,19,0.00024
9,4,1,4,108,stree,basic,minmax,108,24,32,0.000413
10,4,1,5,140,stree,basic,minmax,140,31,38,0.000599
11,4,1,6,176,stree,basic,minmax,176,39,63,0.001139
4,3,1,0,12,cycle,sorted,basic,12,3,4,5.7e-05
6,3,1,2,42,cycle,sorted,basic,42,8,20,0.000124
8,3,1,4,88,cycle,sorted,basic,88,19,116,0.000292
10,3,2,0,150,cycle,sorted,basic,150,15,16,8.9e-05
12,3,2,2,252,cycle,sorted,basic,252,26,60,0.000219
14,3,2,4,378,cycle,sorted,basic,378,43,1765,0.005511
11,4,1,6,176,cycle,basic,basic,176,43,316868,1.25409
5,4,1,0,20,cycle,sorted,basic,20,6,7,6e-05
6,4,1,1,36,cycle,sorted,basic,36,8,11,6.7e-05
7,4,1,2,56,cycle,sorted,basic,56,13,65,0.000196
8,4,1,3,80,cycle,sorted,basic,80,19,248,0.001112
9,4,1,4,108,cycle,sorted,basic,108,26,1004,0.003359
10,4,1,5,140,cycle,sorted,basic,140,34,6015,0.0378
16,3,2,6,528,cycle,sorted,basic,528,64,100368,0.55857
4,3,1,0,12,cycle,sorted,matrix,12,3,4,3e-05
6,3,1,2,42,cycle,sorted,matrix,42,8,19,0.000181
8,3,1,4,88,cycle,sorted,matrix,88,19,52,0.000456
10,3,2,0,150,cycle,sorted,matrix,150,15,16,0.000266
12,3,2,2,252,cycle,sorted,matrix,252,26,60,0.000903
14,3,2,4,378,cycle,sorted,matrix,378,43,1000,0.04475
11,4,1,6,176,cycle,sorted,basic,176,43,63018,0.37287
5,4,1,0,20,cycle,sorted,matrix,20,6,7,4.8e-05
6,4,1,1,36,cycle,sorted,matrix,36,8,11,9.2e-05
7,4,1,2,56,cycle,sorted,matrix,56,13,62,0.000397
8,4,1,3,80,cycle,sorted,matrix,80,19,169,0.001326
16,3,2,6,528,cycle,sorted,matrix,528,64,4124,0.207023
9,4,1,4,108,cycle,sorted,matrix,108,26,282,0.002665
10,4,1,5,140,cycle,sorted,matrix,140,34,555,0.014372
4,3,1,0,12,cycle,sorted,minmax,12,3,4,0.000111
6,3,1,2,42,cycle,sorted,minmax,42,8,19,0.000172
11,4,1,6,176,cycle,sorted,matrix,176,43,1098,0.077353
8,3,1,4,88,cycle,sorted,minmax,88,19,52,0.001066
10,3,2,0,150,cycle,sorted,minmax,150,15,16,0.000474
12,3,2,2,252,cycle,sorted,minmax,252,26,60,0.000897
14,3,2,4,378,cycle,sorted,minmax,378,43,1000,0.072751
5,4,1,0,20,cycle,sorted,minmax,20,6,7,0.000126
6,4,1,1,36,cycle,sorted,minmax,36,8,11,0.000204
7,4,1,2,56,cycle,sorted,minmax,56,13,62,0.000547
8,4,1,3,80,cycle,sorted,minmax,80,19,169,0.001694
9,4,1,4,108,cycle,sorted,minmax,108,26,282,0.003497
10,4,1,5,140,cycle,sorted,minmax,140,34,555,0.007134
11,4,1,6,176,cycle,sorted,minmax,176,43,1098,0.053232
4,3,1,0,12,basic,basic,basic,12,3,4,4.1e-05
16,3,2,6,528,cycle,sorted,minmax,528,64,4124,0.236314
6,3,1,2,42,basic,basic,basic,42,10,44,0.000143
10,3,2,0,150,basic,basic,basic,150,15,16,8.9e-05
8,3,1,4,88,basic,basic,basic,88,21,642,0.003248
12,3,2,2,252,basic,basic,basic,252,28,76,0.000468
14,3,2,4,378,basic,basic,basic,378,45,3950,0.027453
5,4,1,0,20,basic,basic,basic,20,6,7,5.8e-05
6,4,1,1,36,basic,basic,basic,36,10,46,0.000178
7,4,1,2,56,basic,basic,basic,56,15,131,0.000383
8,4,1,3,80,basic,basic,basic,80,21,670,0.001728
9,4,1,4,108,basic,basic,basic,108,28,506,0.00139
16,3,2,6,528,basic,basic,basic,528,66,4066148,14.7298
10,4,1,5,140,basic,basic,basic,140,36,38126,0.231786
4,3,1,0,12,basic,basic,matrix,12,3,4,3.1e-05
6,3,1,2,42,basic,basic,matrix,42,10,38,0.000473
8,3,1,4,88,basic,basic,matrix,88,21,78,0.000621
10,3,2,0,150,basic,basic,matrix,150,15,16,0.000179
12,3,2,2,252,basic,basic,matrix,252,28,70,0.001283
14,3,2,4,378,basic,basic,matrix,378,45,1300,0.121721
16,3,2,6,528,basic,basic,matrix,528,66,76427,1.88468
5,4,1,0,20,basic,basic,matrix,20,6,7,4.8e-05
6,4,1,1,36,basic,basic,matrix,36,10,46,0.000268
7,4,1,2,56,basic,basic,matrix,56,15,119,0.000792
8,4,1,3,80,basic,basic,matrix,80,21,390,0.002929
9,4,1,4,108,basic,basic,matrix,108,28,83,0.000899
10,4,1,5,140,basic,basic,matrix,140,36,938,0.011404
11,4,1,6,176,basic,basic,matrix,176,45,1563,0.034996
4,3,1,0,12,basic,basic,minmax,12,3,4,4.9e-05
6,3,1,2,42,basic,basic,minmax,42,10,38,0.000343
8,3,1,4,88,basic,basic,minmax,88,21,78,0.00088
10,3,2,0,150,basic,basic,minmax,150,15,16,0.000275
12,3,2,2,252,basic,basic,minmax,252,28,70,0.00101
14,3,2,4,378,basic,basic,minmax,378,45,1300,0.033875
11,4,1,6,176,basic,basic,basic,176,45,797508,2.92247
5,4,1,0,20,basic,basic,minmax,20,6,7,8.2e-05
6,4,1,1,36,basic,basic,minmax,36,10,46,0.000374
7,4,1,2,56,basic,basic,minmax,56,15,119,0.000991
8,4,1,3,80,basic,basic,minmax,80,21,390,0.003774
9,4,1,4,108,basic,basic,minmax,108,28,83,0.001087
10,4,1,5,140,basic,basic,minmax,140,36,938,0.042294
11,4,1,6,176,basic,basic,minmax,176,45,1563,0.050933
4,3,1,0,12,cycle,basic,basic,12,3,4,3.7e-05
6,3,1,2,42,cycle,basic,basic,42,8,23,8.8e-05
8,3,1,4,88,cycle,basic,basic,88,19,501,0.001234
10,3,2,0,150,cycle,basic,basic,150,15,16,8.8e-05
12,3,2,2,252,cycle,basic,basic,252,26,130,0.000407
14,3,2,4,378,cycle,basic,basic,378,43,3508,0.012919
16,3,2,6,528,basic,basic,minmax,528,66,76427,2.01149
5,4,1,0,20,cycle,basic,basic,20,6,7,5.3e-05
6,4,1,1,36,cycle,basic,basic,36,8,15,7.7e-05
7,4,1,2,56,cycle,basic,basic,56,13,59,0.000268
8,4,1,3,80,cycle,basic,basic,80,19,203,0.000587
9,4,1,4,108,cycle,basic,basic,108,26,269,0.001413
10,4,1,5,140,cycle,basic,basic,140,34,15209,0.157219
16,3,2,6,528,cycle,basic,basic,528,64,321233,1.34887
4,3,1,0,12,cycle,basic,matrix,12,3,4,2.9e-05
6,3,1,2,42,cycle,basic,matrix,42,8,22,0.000228
8,3,1,4,88,cycle,basic,matrix,88,19,84,0.000723
10,3,2,0,150,cycle,basic,matrix,150,15,16,0.000175
12,3,2,2,252,cycle,basic,matrix,252,26,130,0.001975
14,3,2,4,378,cycle,basic,matrix,378,43,1837,0.050577
16,3,2,6,528,cycle,basic,matrix,528,64,10649,0.341624
5,4,1,0,20,cycle,basic,matrix,20,6,7,5.3e-05
6,4,1,1,36,cycle,basic,matrix,36,8,15,0.000109
7,4,1,2,56,cycle,basic,matrix,56,13,58,0.000364
8,4,1,3,80,cycle,basic,matrix,80,19,126,0.000986
9,4,1,4,108,cycle,basic,matrix,108,26,60,0.000634
10,4,1,5,140,cycle,basic,matrix,140,34,376,0.004246
11,4,1,6,176,cycle,basic,matrix,176,43,797,0.018572
4,3,1,0,12,cycle,basic,minmax,12,3,4,4.9e-05
6,3,1,2,42,cycle,basic,minmax,42,8,22,0.000195
8,3,1,4,88,cycle,basic,minmax,88,19,84,0.000987
10,3,2,0,150,cycle,basic,minmax,150,15,16,0.000292
12,3,2,2,252,cycle,basic,minmax,252,26,130,0.001962
14,3,2,4,378,cycle,basic,minmax,378,43,1837,0.098242
11,4,1,6,176,cycle,basic,basic,176,43,316868,1.15238
5,4,1,0,20,cycle,basic,minmax,20,6,7,7.8e-05
6,4,1,1,36,cycle,basic,minmax,36,8,15,0.000251
7,4,1,2,56,cycle,basic,minmax,56,13,58,0.00056
8,4,1,3,80,cycle,basic,minmax,80,19,126,0.001366
9,4,1,4,108,cycle,basic,minmax,108,26,60,0.000855
10,4,1,5,140,cycle,basic,minmax,140,34,376,0.005269
11,4,1,6,176,cycle,basic,minmax,176,43,797,0.012971
4,3,1,0,12,stree,basic,basic,12,3,4,0.000173
16,3,2,6,528,cycle,basic,minmax,528,64,10649,0.432137
8,3,1,4,88,stree,basic,basic,88,13,16,7.5e-05
6,3,1,2,42,stree,basic,basic,42,8,9,8.4e-05
12,3,2,2,252,stree,basic,basic,252,26,27,0.000114
10,3,2,0,150,stree,basic,basic,150,15,16,0.000145
14,3,2,4,378,stree,basic,basic,378,41,58,0.000193
16,3,2,6,528,stree,basic,basic,528,60,184,0.000665
5,4,1,0,20,stree,basic,basic,20,6,7,6.8e-05
6,4,1,1,36,stree,basic,basic,36,9,23,0.00028
8,4,1,3,80,stree,basic,basic,80,18,19,8.6e-05
7,4,1,2,56,stree,basic,basic,56,13,45,0.000254
9,4,1,4,108,stree,basic,basic,108,24,38,0.000149
10,4,1,5,140,stree,basic,basic,140,31,45,0.00033
11,4,1,6,176,stree,basic,basic,176,39,135,0.000511
4,3,1,0,12,stree,basic,matrix,12,3,4,3.7e-05
6,3,1,2,42,stree,basic,matrix,42,8,9,7.2e-05
8,3,1,4,88,stree,basic,matrix,88,13,15,0.000398
10,3,2,0,150,stree,basic,matrix,150,15,16,0.000214
12,3,2,2,252,stree,basic,matrix,252,26,27,0.000982
14,3,2,4,378,stree,basic,matrix,378,41,51,0.001083
16,3,2,6,528,stree,basic,matrix,528,60,69,0.001669
6,4,1,1,36,stree,basic,matrix,36,9,23,0.000155
5,4,1,0,20,stree,basic,matrix,20,6,7,5.7e-05
7,4,1,2,56,stree,basic,matrix,56,13,45,0.00033
8,4,1,3,80,stree,basic,matrix,80,18,19,0.000175
9,4,1,4,108,stree,basic,matrix,108,24,32,0.000307
10,4,1,5,140,stree,basic,matrix,140,31,38,0.000918
11,4,1,6,176,stree,basic,matrix,176,39,63,0.001505
6,3,1,2,42,stree,basic,minmax,42,8,9,0.000132
4,3,1,0,12,stree,basic,minmax,12,3,4,5.9e-05
8,3,1,4,88,stree,basic,minmax,88,13,15,0.000185
10,3,2,0,150,stree,basic,minmax,150,15,16,0.000432
12,3,2,2,252,stree,basic,minmax,252,26,27,0.00043
14,3,2,4,378,stree,basic,minmax,378,41,51,0.001759
5,4,1,0,20,stree,basic,minmax,20,6,7,8.5e-05
16,3,2,6,528,stree,basic,minmax,528,60,69,0.001387
6,4,1,1,36,stree,basic,minmax,36,9,23,0.000213
7,4,1,2,56,stree,basic,minmax,56,13,45,0.000403
8,4,1,3,80,stree,basic,minmax,80,18,19,0.000241
9,4,1,4,108,stree,basic,minmax,108,24,32,0.000993
10,4,1,5,140,stree,basic,minmax,140,31,38,0.000525
11,4,1,6,176,stree,basic,minmax,176,39,63,0.0011
4,3,1,0,12,cycle,sorted,basic,12,3,4,3.6e-05
8,3,1,4,88,cycle,sorted,basic,88,19,116,0.000279
6,3,1,2,42,cycle,sorted,basic,42,8,20,0.000232
10,3,2,0,150,cycle,sorted,basic,150,15,16,8.3e-05
12,3,2,2,252,cycle,sorted,basic,252,26,60,0.000227
14,3,2,4,378,cycle,sorted,basic,378,43,1765,0.005632
5,4,1,0,20,cycle,sorted,basic,20,6,7,5.4e-05
6,4,1,1,36,cycle,sorted,basic,36,8,11,6.4e-05
7,4,1,2,56,cycle,sorted,basic,56,13,65,0.0002
8,4,1,3,80,cycle,sorted,basic,80,19,248,0.00064
9,4,1,4,108,cycle,sorted,basic,108,26,1004,0.002747
10,4,1,5,140,cycle,sorted,basic,140,34,6015,0.092567
11,4,1,6,176,cycle,sorted,basic,176,43,63018,0.343053
4,3,1,0,12,cycle,sorted,matrix,12,3,4,3.3e-05
6,3,1,2,42,cycle,sorted,matrix,42,8,19,0.000125
8,3,1,4,88,cycle,sorted,matrix,88,19,52,0.000421
10,3,2,0,150,cycle,sorted,matrix,150,15,16,0.000361
12,3,2,2,252,cycle,sorted,matrix,252,26,60,0.001325
16,3,2,6,528,cycle,sorted,basic,528,64,100368,0.548623
14,3,2,4,378,cycle,sorted,matrix,378,43,1000,0.043767
5,4,1,0,20,cycle,sorted,matrix,20,6,7,4.9e-05
6,4,1,1,36,cycle,sorted,matrix,36,8,11,8.5e-05
7,4,1,2,56,cycle,sorted,matrix,56,13,62,0.000396
8,4,1,3,80,cycle,sorted,matrix,80,19,169,0.001381
9,4,1,4,108,cycle,sorted,matrix,108,26,282,0.0063
10,4,1,5,140,cycle,sorted,matrix,140,34,555,0.01414
16,3,2,6,528,cycle,sorted,matrix,528,64,4124,0.28814
11,4,1,6,176,cycle,sorted,matrix,176,43,1098,0.075638
4,3,1,0,12,cycle,sorted,minmax,12,3,4,5.1e-05
6,3,1,2,42,cycle,sorted,minmax,42,8,19,0.00035
8,3,1,4,88,cycle,sorted,minmax,88,19,52,0.001023
10,3,2,0,150,cycle,sorted,minmax,150,15,16,0.000381
12,3,2,2,252,cycle,sorted,minmax,252,26,60,0.000879
14,3,2,4,378,cycle,sorted,minmax,378,43,1000,0.053384
5,4,1,0,20,cycle,sorted,minmax,20,6,7,8.1e-05
6,4,1,1,36,cycle,sorted,minmax,36,8,11,0.000197
7,4,1,2,56,cycle,sorted,minmax,56,13,62,0.000645
16,3,2,6,528,cycle,sorted,minmax,528,64,4124,0.206462
8,4,1,3,80,cycle,sorted,minmax,80,19,169,0.001797
9,4,1,4,108,cycle,sorted,minmax,108,26,282,0.003593
10,4,1,5,140,cycle,sorted,minmax,140,34,555,0.007184
4,3,1,0,12,basic,basic,basic,12,3,4,3.5e-05
6,3,1,2,42,basic,basic,basic,42,10,44,0.000135
8,3,1,4,88,basic,basic,basic,88,21,642,0.001725
10,3,2,0,150,basic,basic,basic,150,15,16,0.000106
11,4,1,6,176,cycle,sorted,minmax,176,43,1098,0.089182
12,3,2,2,252,basic,basic,basic,252,28,76,0.000479
14,3,2,4,378,basic,basic,basic,378,45,3950,0.030776
5,4,1,0,20,basic,basic,basic,20,6,7,6.7e-05
6,4,1,1,36,basic,basic,basic,36,10,46,0.000165
7,4,1,2,56,basic,basic,basic,56,15,131,0.000603
8,4,1,3,80,basic,basic,basic,80,21,670,0.001653
9,4,1,4,108,basic,basic,basic,108,28,506,0.002908
10,4,1,5,140,basic,basic,basic,140,36,38126,0.262424
16,3,2,6,528,basic,basic,basic,528,66,4066148,15.3676
4,3,1,0,12,basic,basic,matrix,12,3,4,5.6e-05
6,3,1,2,42,basic,basic,matrix,42,10,38,0.000269
8,3,1,4,88,basic,basic,matrix,88,21,78,0.000629
10,3,2,0,150,basic,basic,matrix,150,15,16,0.000235
12,3,2,2,252,basic,basic,matrix,252,28,70,0.001196
14,3,2,4,378,basic,basic,matrix,378,45,1300,0.032985
11,4,1,6,176,basic,basic,basic,176,45,797508,2.73937
5,4,1,0,20,basic,basic,matrix,20,6,7,6.4e-05
6,4,1,1,36,basic,basic,matrix,36,10,46,0.000267
7,4,1,2,56,basic,basic,matrix,56,15,119,0.000767
8,4,1,3,80,basic,basic,matrix,80,21,390,0.002803
9,4,1,4,108,basic,basic,matrix,108,28,83,0.000779
10,4,1,5,140,basic,basic,matrix,140,36,938,0.009734
11,4,1,6,176,basic,basic,matrix,176,45,1563,0.047764
4,3,1,0,12,basic,basic,minmax,12,3,4,5.1e-05
6,3,1,2,42,basic,basic,minmax,42,10,38,0.00032
8,3,1,4,88,basic,basic,minmax,88,21,78,0.000869
10,3,2,0,150,basic,basic,minmax,150,15,16,0.000238
12,3,2,2,252,basic,basic,minmax,252,28,70,0.001006
14,3,2,4,378,basic,basic,minmax,378,45,1300,0.027265
16,3,2,6,528,basic,basic,matrix,528,66,76427,1.95947
5,4,1,0,20,basic,basic,minmax,20,6,7,8.2e-05
6,4,1,1,36,basic,basic,minmax,36,10,46,0.000415
7,4,1,2,56,basic,basic,minmax,56,15,119,0.00102
8,4,1,3,80,basic,basic,minmax,80,21,390,0.004042
9,4,1,4,108,basic,basic,minmax,108,28,83,0.001081
10,4,1,5,140,basic,basic,minmax,140,36,938,0.032625
11,4,1,6,176,basic,basic,minmax,176,45,1563,0.03283
4,3,1,0,12,cycle,basic,basic,12,3,4,3.9e-05
6,3,1,2,42,cycle,basic,basic,42,8,23,8.3e-05
8,3,1,4,88,cycle,basic,basic,88,19,501,0.001209
10,3,2,0,150,cycle,basic,basic,150,15,16,0.000114
12,3,2,2,252,cycle,basic,basic,252,26,130,0.000384
14,3,2,4,378,cycle,basic,basic,378,43,3508,0.011336
16,3,2,6,528,basic,basic,minmax,528,66,76427,1.85049
5,4,1,0,20,cycle,basic,basic,20,6,7,5.4e-05
6,4,1,1,36,cycle,basic,basic,36,8,15,7.5e-05
7,4,1,2,56,cycle,basic,basic,56,13,59,0.000189
8,4,1,3,80,cycle,basic,basic,80,19,203,0.000567
9,4,1,4,108,cycle,basic,basic,108,26,269,0.000805
10,4,1,5,140,cycle,basic,basic,140,34,15209,0.070986
16,3,2,6,528,cycle,basic,basic,528,64,321233,1.29694
4,3,1,0,12,cycle,basic,matrix,12,3,4,3.1e-05
6,3,1,2,42,cycle,basic,matrix,42,8,22,0.000164
8,3,1,4,88,cycle,basic,matrix,88,19,84,0.000684
10,3,2,0,150,cycle,basic,matrix,150,15,16,0.000175
12,3,2,2,252,cycle,basic,matrix,252,26,130,0.001844
14,3,2,4,378,cycle,basic,matrix,378,43,1837,0.050475
16,3,2,6,528,cycle,basic,matrix,528,64,10649,0.443623
5,4,1,0,20,cycle,basic,matrix,20,6,7,4.8e-05
6,4,1,1,36,cycle,basic,matrix,36,8,15,0.000109
7,4,1,2,56,cycle,basic,matrix,56,13,58,0.000369
8,4,1,3,80,cycle,basic,matrix,80,19,126,0.000946
9,4,1,4,108,cycle,basic,matrix,108,26,60,0.000569
10,4,1,5,140,cycle,basic,matrix,140,34,376,0.004022
11,4,1,6,176,cycle,basic,matrix,176,43,797,0.009458
4,3,1,0,12,cycle,basic,minmax,12,3,4,4.6e-05
6,3,1,2,42,cycle,basic,minmax,42,8,22,0.000248
8,3,1,4,88,cycle,basic,minmax,88,19,84,0.001471
10,3,2,0,150,cycle,basic,minmax,150,15,16,0.000241
12,3,2,2,252,cycle,basic,minmax,252,26,130,0.001841
14,3,2,4,378,cycle,basic,minmax,378,43,1837,0.100456
16,3,2,6,528,cycle,basic,minmax,528,64,10649,0.415978
5,4,1,0,20,cycle,basic,minmax,20,6,7,8.2e-05
6,4,1,1,36,cycle,basic,minmax,36,8,15,0.000152
7,4,1,2,56,cycle,basic,minmax,56,13,58,0.000702
8,4,1,3,80,cycle,basic,minmax,80,19,126,0.002046
9,4,1,4,108,cycle,basic,minmax,108,26,60,0.00156
10,4,1,5,140,cycle,basic,minmax,140,34,376,0.005555
11,4,1,6,176,cycle,basic,basic,176,43,316868,1.23699
4,3,1,0,12,stree,basic,basic,12,3,4,5.3e-05
6,3,1,2,42,stree,basic,basic,42,8,9,5.8e-05
11,4,1,6,176,cycle,basic,minmax,176,43,797,0.028691
8,3,1,4,88,stree,basic,basic,88,13,16,0.000118
12,3,2,2,252,stree,basic,basic,252,26,27,0.000197
10,3,2,0,150,stree,basic,basic,150,15,16,9.9e-05
14,3,2,4,378,stree,basic,basic,378,41,58,0.0004
16,3,2,6,528,stree,basic,basic,528,60,184,0.000683
5,4,1,0,20,stree,basic,basic,20,6,7,0.000145
6,4,1,1,36,stree,basic,basic,36,9,23,0.000203
8,4,1,3,80,stree,basic,basic,80,18,19,8.7e-05
7,4,1,2,56,stree,basic,basic,56,13,45,0.000156
9,4,1,4,108,stree,basic,basic,108,24,38,0.000142
10,4,1,5,140,stree,basic,basic,140,31,45,0.000161
4,3,1,0,12,stree,basic,matrix,12,3,4,3.8e-05
11,4,1,6,176,stree,basic,basic,176,39,135,0.001003
6,3,1,2,42,stree,basic,matrix,42,8,9,7.3e-05
8,3,1,4,88,stree,basic,matrix,88,13,15,0.000135
10,3,2,0,150,stree,basic,matrix,150,15,16,0.000176
12,3,2,2,252,stree,basic,matrix,252,26,27,0.000916
14,3,2,4,378,stree,basic,matrix,378,41,51,0.002034
5,4,1,0,20,stree,basic,matrix,20,6,7,5.7e-05
16,3,2,6,528,stree,basic,matrix,528,60,69,0.003139
6,4,1,1,36,stree,basic,matrix,36,9,23,0.000157
7,4,1,2,56,stree,basic,matrix,56,13,45,0.000419
8,4,1,3,80,stree,basic,matrix,80,18,19,0.000193
9,4,1,4,108,stree,basic,matrix,108,24,32,0.000433
10,4,1,5,140,stree,basic,matrix,140,31,38,0.00043
11,4,1,6,176,stree,basic,matrix,176,39,63,0.001062
4,3,1,0,12,stree,basic,minmax,12,3,4,0.00012
6,3,1,2,42,stree,basic,minmax,42,8,9,0.000106
8,3,1,4,88,stree,basic,minmax,88,13,15,0.000181
10,3,2,0,150,stree,basic,minmax,150,15,16,0.000232
12,3,2,2,252,stree,basic,minmax,252,26,27,0.00043
14,3,2,4,378,stree,basic,minmax,378,41,51,0.00089
16,3,2,6,528,stree,basic,minmax,528,60,69,0.00486
6,4,1,1,36,stree,basic,minmax,36,9,23,0.000213
5,4,1,0,20,stree,basic,minmax,20,6,7,0.000299
7,4,1,2,56,stree,basic,minmax,56,13,45,0.000408
8,4,1,3,80,stree,basic,minmax,80,18,19,0.000493
10,4,1,5,140,stree,basic,minmax,140,31,38,0.000615
9,4,1,4,108,stree,basic,minmax,108,24,32,0.000718
11,4,1,6,176,stree,basic,minmax,176,39,63,0.000931
4,3,1,0,12,cycle,sorted,basic,12,3,4,3.5e-05
6,3,1,2,42,cycle,sorted,basic,42,8,20,7.5e-05
8,3,1,4,88,cycle,sorted,basic,88,19,116,0.000477
10,3,2,0,150,cycle,sorted,basic,150,15,16,8.9e-05
12,3,2,2,252,cycle,sorted,basic,252,26,60,0.000242
14,3,2,4,378,cycle,sorted,basic,378,43,1765,0.011487
5,4,1,0,20,cycle,sorted,basic,20,6,7,5.6e-05
6,4,1,1,36,cycle,sorted,basic,36,8,11,6.5e-05
7,4,1,2,56,cycle,sorted,basic,56,13,65,0.000196
8,4,1,3,80,cycle,sorted,basic,80,19,248,0.000657
9,4,1,4,108,cycle,sorted,basic,108,26,1004,0.003279
10,4,1,5,140,cycle,sorted,basic,140,34,6015,0.046852
16,3,2,6,528,cycle,sorted,basic,528,64,100368,0.559532
4,3,1,0,12,cycle,sorted,matrix,12,3,4,2.9e-05
6,3,1,2,42,cycle,sorted,matrix,42,8,19,0.000125
8,3,1,4,88,cycle,sorted,matrix,88,19,52,0.000497
10,3,2,0,150,cycle,sorted,matrix,150,15,16,0.000178
12,3,2,2,252,cycle,sorted,matrix,252,26,60,0.000918
14,3,2,4,378,cycle,sorted,matrix,378,43,1000,0.025196
11,4,1,6,176,cycle,sorted,basic,176,43,63018,0.317427
5,4,1,0,20,cycle,sorted,matrix,20,6,7,5e-05
6,4,1,1,36,cycle,sorted,matrix,36,8,11,8.7e-05
16,3,2,6,528,cycle,sorted,matrix,528,64,4124,0.178468
7,4,1,2,56,cycle,sorted,matrix,56,13,62,0.000396
8,4,1,3,80,cycle,sorted,matrix,80,19,169,0.001212
9,4,1,4,108,cycle,sorted,matrix,108,26,282,0.003561
10,4,1,5,140,cycle,sorted,matrix,140,34,555,0.006427
4,3,1,0,12,cycle,sorted,minmax,12,3,4,5.1e-05
6,3,1,2,42,cycle,sorted,minmax,42,8,19,0.000171
8,3,1,4,88,cycle,sorted,minmax,88,19,52,0.00063
10,3,2,0,150,cycle,sorted,minmax,150,15,16,0.00024
12,3,2,2,252,cycle,sorted,minmax,252,26,60,0.000984
11,4,1,6,176,cycle,sorted,matrix,176,43,1098,0.022546
14,3,2,4,378,cycle,sorted,minmax,378,43,1000,0.054688
5,4,1,0,20,cycle,sorted,minmax,20,6,7,0.0001
6,4,1,1,36,cycle,sorted,minmax,36,8,11,0.000131
7,4,1,2,56,cycle,sorted,minmax,56,13,62,0.000589
8,4,1,3,80,cycle,sorted,minmax,80,19,169,0.001725
9,4,1,4,108,cycle,sorted,minmax,108,26,282,0.003443
10,4,1,5,140,cycle,sorted,minmax,140,34,555,0.017575
16,3,2,6,528,cycle,sorted,minmax,528,64,4124,0.250117
11,4,1,6,176,cycle,sorted,minmax,176,43,1098,0.050705
6,3,1,2,42,basic,basic,basic,42,10,44,0.000136
4,3,1,0,12,basic,basic,basic,12,3,4,7.8e-05
8,3,1,4,88,basic,basic,basic,88,21,642,0.001701
10,3,2,0,150,basic,basic,basic,150,15,16,0.000327
12,3,2,2,252,basic,basic,basic,252,28,76,0.000247
14,3,2,4,378,basic,basic,basic,378,45,3950,0.025643
5,4,1,0,20,basic,basic,basic,20,6,7,5.6e-05
6,4,1,1,36,basic,basic,basic,36,10,46,0.000207
7,4,1,2,56,basic,basic,basic,56,15,131,0.000361
8,4,1,3,80,basic,basic,basic,80,21,670,0.001729
9,4,1,4,108,basic,basic,basic,108,28,506,0.00295
10,4,1,5,140,basic,basic,basic,140,36,38126,0.241018
16,3,2,6,528,basic,basic,basic,528,66,4066148,14.5777
4,3,1,0,12,basic,basic,matrix,12,3,4,2.9e-05
6,3,1,2,42,basic,basic,matrix,42,10,38,0.000242
8,3,1,4,88,basic,basic,matrix,88,21,78,0.001052
10,3,2,0,150,basic,basic,matrix,150,15,16,0.000261
12,3,2,2,252,basic,basic,matrix,252,28,70,0.001122
14,3,2,4,378,basic,basic,matrix,378,45,1300,0.049466
11,4,1,6,176,basic,basic,basic,176,45,797508,2.8636
5,4,1,0,20,basic,basic,matrix,20,6,7,0.000285
6,4,1,1,36,basic,basic,matrix,36,10,46,0.000267
7,4,1,2,56,basic,basic,matrix,56,15,119,0.000784
16,3,2,6,528,basic,basic,matrix,528,66,76427,1.87123
8,4,1,3,80,basic,basic,matrix,80,21,390,0.007258
9,4,1,4,108,basic,basic,matrix,108,28,83,0.001593
10,4,1,5,140,basic,basic,matrix,140,36,938,0.045437
11,4,1,6,176,basic,basic,matrix,176,45,1563,0.039086
4,3,1,0,12,basic,basic,minmax,12,3,4,8.5e-05
6,3,1,2,42,basic,basic,minmax,42,10,38,0.000887
8,3,1,4,88,basic,basic,minmax,88,21,78,0.001642
10,3,2,0,150,basic,basic,minmax,150,15,16,0.000322
12,3,2,2,252,basic,basic,minmax,252,28,70,0.002588
14,3,2,4,378,basic,basic,minmax,378,45,1300,0.065661
5,4,1,0,20,basic,basic,minmax,20,6,7,0.000101
6,4,1,1,36,basic,basic,minmax,36,10,46,0.000364
7,4,1,2,56,basic,basic,minmax,56,15,119,0.001119
8,4,1,3,80,basic,basic,minmax,80,21,390,0.00408
9,4,1,4,108,basic,basic,minmax,108,28,83,0.001171
10,4,1,5,140,basic,basic,minmax,140,36,938,0.017895
11,4,1,6,176,basic,basic,minmax,176,45,1563,0.044393
4,3,1,0,12,cycle,basic,basic,12,3,4,3.8e-05
6,3,1,2,42,cycle,basic,basic,42,8,23,0.000136
8,3,1,4,88,cycle,basic,basic,88,19,501,0.001317
10,3,2,0,150,cycle,basic,basic,150,15,16,8.9e-05
12,3,2,2,252,cycle,basic,basic,252,26,130,0.000385
14,3,2,4,378,cycle,basic,basic,378,43,3508,0.010907
16,3,2,6,528,cycle,basic,basic,528,64,321233,1.24554
5,4,1,0,20,cycle,basic,basic,20,6,7,5.7e-05
6,4,1,1,36,cycle,basic,basic,36,8,15,0.000155
7,4,1,2,56,cycle,basic,basic,56,13,59,0.000195
8,4,1,3,80,cycle,basic,basic,80,19,203,0.00062
9,4,1,4,108,cycle,basic,basic,108,26,269,0.000845
10,4,1,5,140,cycle,basic,basic,140,34,15209,0.134157
16,3,2,6,528,basic,basic,minmax,528,66,76427,1.87249
4,3,1,0,12,cycle,basic,matrix,12,3,4,2.9e-05
6,3,1,2,42,cycle,basic,matrix,42,8,22,0.000141
8,3,1,4,88,cycle,basic,matrix,88,19,84,0.000747
10,3,2,0,150,cycle,basic,matrix,150,15,16,0.000177
12,3,2,2,252,cycle,basic,matrix,252,26,130,0.002836
14,3,2,4,378,cycle,basic,matrix,378,43,1837,0.113533
16,3,2,6,528,cycle,basic,matrix,528,64,10649,0.31941
5,4,1,0,20,cycle,basic,matrix,20,6,7,4.7e-05
6,4,1,1,36,cycle,basic,matrix,36,8,15,0.000109
7,4,1,2,56,cycle,basic,matrix,56,13,58,0.000385
8,4,1,3,80,cycle,basic,matrix,80,19,126,0.000948
9,4,1,4,108,cycle,basic,matrix,108,26,60,0.000584
10,4,1,5,140,cycle,basic,matrix,140,34,376,0.004189
11,4,1,6,176,cycle,basic,matrix,176,43,797,0.009538
4,3,1,0,12,cycle,basic,minmax,12,3,4,5e-05
6,3,1,2,42,cycle,basic,minmax,42,8,22,0.000197
8,3,1,4,88,cycle,basic,minmax,88,19,84,0.000956
10,3,2,0,150,cycle,basic,minmax,150,15,16,0.000263
12,3,2,2,252,cycle,basic,minmax,252,26,130,0.001743
14,3,2,4,378,cycle,basic,minmax,378,43,1837,0.101891
16,3,2,6,528,cycle,basic,minmax,528,64,10649,0.322226
5,4,1,0,20,cycle,basic,minmax,20,6,7,8.2e-05
6,4,1,1,36,cycle,basic,minmax,36,8,15,0.000153
7,4,1,2,56,cycle,basic,minmax,56,13,58,0.000518
8,4,1,3,80,cycle,basic,minmax,80,19,126,0.001544
9,4,1,4,108,cycle,basic,minmax,108,26,60,0.000788
10,4,1,5,140,cycle,basic,minmax,140,34,376,0.00517
11,4,1,6,176,cycle,basic,minmax,176,43,797,0.012819
4,3,1,0,12,stree,basic,basic,12,3,4,0.000179
6,3,1,2,42,stree,basic,basic,42,8,9,0.000116
8,3,1,4,88,stree,basic,basic,88,13,16,8e-05
10,3,2,0,150,stree,basic,basic,150,15,16,9.1e-05
12,3,2,2,252,stree,basic,basic,252,26,27,0.000112
14,3,2,4,378,stree,basic,basic,378,41,58,0.000199
16,3,2,6,528,stree,basic,basic,528,60,184,0.00073
5,4,1,0,20,stree,basic,basic,20,6,7,6.9e-05
6,4,1,1,36,stree,basic,basic,36,9,23,0.000107
7,4,1,2,56,stree,basic,basic,56,13,45,0.000295
8,4,1,3,80,stree,basic,basic,80,18,19,9e-05
9,4,1,4,108,stree,basic,basic,108,24,38,0.000148
10,4,1,5,140,stree,basic,basic,140,31,45,0.00044
11,4,1,6,176,stree,basic,basic,176,39,135,0.000843
4,3,1,0,12,stree,basic,matrix,12,3,4,4.2e-05
6,3,1,2,42,stree,basic,matrix,42,8,9,7.2e-05
8,3,1,4,88,stree,basic,matrix,88,13,15,0.000133
10,3,2,0,150,stree,basic,matrix,150,15,16,0.000175
12,3,2,2,252,stree,basic,matrix,252,26,27,0.000451
14,3,2,4,378,stree,basic,matrix,378,41,51,0.001068
16,3,2,6,528,stree,basic,matrix,528,60,69,0.002089
5,4,1,0,20,stree,basic,matrix,20,6,7,5.9e-05
6,4,1,1,36,stree,basic,matrix,36,9,23,0.000273
7,4,1,2,56,stree,basic,matrix,56,13,45,0.000297
8,4,1,3,80,stree,basic,matrix,80,18,19,0.000177
9,4,1,4,108,stree,basic,matrix,108,24,32,0.000353
10,4,1,5,140,stree,basic,matrix,140,31,38,0.000603
11,4,1,6,176,stree,basic,matrix,176,39,63,0.000752
4,3,1,0,12,stree,basic,minmax,12,3,4,6.4e-05
6,3,1,2,42,stree,basic,minmax,42,8,9,0.000102
8,3,1,4,88,stree,basic,minmax,88,13,15,0.00018
10,3,2,0,150,stree,basic,minmax,150,15,16,0.000234
12,3,2,2,252,stree,basic,minmax,252,26,27,0.000478
14,3,2,4,378,stree,basic,minmax,378,41,51,0.000891
16,3,2,6,528,stree,basic,minmax,528,60,69,0.001407
5,4,1,0,20,stree,basic,minmax,20,6,7,9e-05
6,4,1,1,36,stree,basic,minmax,36,9,23,0.00021
7,4,1,2,56,stree,basic,minmax,56,13,45,0.000409
8,4,1,3,80,stree,basic,minmax,80,18,19,0.000244
9,4,1,4,108,stree,basic,minmax,108,24,32,0.000452
10,4,1,5,140,stree,basic,minmax,140,31,38,0.00061
11,4,1,6,176,stree,basic,minmax,176,39,63,0.00096
4,3,1,0,12,cycle,sorted,basic,12,3,4,4e-05
6,3,1,2,42,cycle,sorted,basic,42,8,20,7.8e-05
8,3,1,4,88,cycle,sorted,basic,88,19,116,0.000277
10,3,2,0,150,cycle,sorted,basic,150,15,16,0.000119
12,3,2,2,252,cycle,sorted,basic,252,26,60,0.000218
14,3,2,4,378,cycle,sorted,basic,378,43,1765,0.005662
11,4,1,6,176,cycle,basic,basic,176,43,316868,1.22383
5,4,1,0,20,cycle,sorted,basic,20,6,7,0.000101
6,4,1,1,36,cycle,sorted,basic,36,8,11,6.9e-05
7,4,1,2,56,cycle,sorted,basic,56,13,65,0.000334
8,4,1,3,80,cycle,sorted,basic,80,19,248,0.000642
9,4,1,4,108,cycle,sorted,basic,108,26,1004,0.005268
10,4,1,5,140,cycle,sorted,basic,140,34,6015,0.033173
11,4,1,6,176,cycle,sorted,basic,176,43,63018,0.306774
4,3,1,0,12,cycle,sorted,matrix,12,3,4,2.9e-05
6,3,1,2,42,cycle,sorted,matrix,42,8,19,0.000144
8,3,1,4,88,cycle,sorted,matrix,88,19,52,0.000419
10,3,2,0,150,cycle,sorted,matrix,150,15,16,0.000229
12,3,2,2,252,cycle,sorted,matrix,252,26,60,0.001217
14,3,2,4,378,cycle,sorted,matrix,378,43,1000,0.031061
16,3,2,6,528,cycle,sorted,basic,528,64,100368,0.565738
16,3,2,6,528,cycle,sorted,matrix,528,64,4124,0.202704
5,4,1,0,20,cycle,sorted,matrix,20,6,7,4.8e-05
6,4,1,1,36,cycle,sorted,matrix,36,8,11,8.6e-05
7,4,1,2,56,cycle,sorted,matrix,56,13,62,0.000615
8,4,1,3,80,cycle,sorted,matrix,80,19,169,0.002423
9,4,1,4,108,cycle,sorted,matrix,108,26,282,0.00266
10,4,1,5,140,cycle,sorted,matrix,140,34,555,0.007599
4,3,1,0,12,cycle,sorted,minmax,12,3,4,4.8e-05
11,4,1,6,176,cycle,sorted,matrix,176,43,1098,0.027983
8,3,1,4,88,cycle,sorted,minmax,88,19,52,0.000633
6,3,1,2,42,cycle,sorted,minmax,42,8,19,0.000299
10,3,2,0,150,cycle,sorted,minmax,150,15,16,0.000421
12,3,2,2,252,cycle,sorted,minmax,252,26,60,0.001066
14,3,2,4,378,cycle,sorted,minmax,378,43,1000,0.045598
5,4,1,0,20,cycle,sorted,minmax,20,6,7,8.1e-05
6,4,1,1,36,cycle,sorted,minmax,36,8,11,0.000231
7,4,1,2,56,cycle,sorted,minmax,56,13,62,0.000561
16,3,2,6,528,cycle,sorted,minmax,528,64,4124,0.188566
8,4,1,3,80,cycle,sorted,minmax,80,19,169,0.001735
9,4,1,4,108,cycle,sorted,minmax,108,26,282,0.009683
10,4,1,5,140,cycle,sorted,minmax,140,34,555,0.007095
11,4,1,6,176,cycle,sorted,minmax,176,43,1098,0.06137
16,3,2,6,528,basic,basic,basic,528,66,4066148,14.3892
16,3,2,6,528,basic,basic,basic,528,66,4066148,14.2066
