n,d,Q,R,sspl_lb,ginitr,sorted,sinitr,sspl,n_edge,n_state,time
4,3,1,0,12,stree,basic,minmax,12,3,4,0.000132
6,3,1,2,42,stree,basic,minmax,42,8,9,0.000261
8,3,1,4,88,stree,basic,minmax,88,13,15,0.000153
10,3,2,0,150,stree,basic,minmax,150,15,16,0.000193
12,3,2,2,252,stree,basic,minmax,252,26,27,0.000398
14,3,2,4,378,stree,basic,minmax,378,41,51,0.013244
18,3,2,8,702,stree,basic,minmax,702,62,100,0.003775
16,3,2,6,528,stree,basic,minmax,528,60,69,0.002283
20,3,2,10,900,stree,basic,minmax,900,64,147,0.007524
24,3,3,2,1416,stree,basic,minmax,1416,89,830,0.057962
22,3,3,0,1122,stree,basic,minmax,0,66,12195,0.442448
5,4,1,0,20,stree,basic,minmax,20,6,7,7.5e-05
6,4,1,1,36,stree,basic,minmax,36,9,23,0.000174
28,3,3,6,2100,stree,basic,minmax,2100,147,10575,0.396991
7,4,1,2,56,stree,basic,minmax,56,13,45,0.000336
8,4,1,3,80,stree,basic,minmax,80,18,19,0.0002
9,4,1,4,108,stree,basic,minmax,108,24,32,0.00034
10,4,1,5,140,stree,basic,minmax,140,31,38,0.000434
11,4,1,6,176,stree,basic,minmax,176,39,63,0.000769
12,4,1,7,216,stree,basic,minmax,216,48,88,0.001145
13,4,1,8,260,stree,basic,minmax,260,58,128,0.001798
15,4,1,10,360,stree,basic,minmax,360,62,606,0.02419
14,4,1,9,308,stree,basic,minmax,308,60,245441,3.9772
17,4,2,0,476,stree,basic,minmax,0,66,13502,0.354799
26,3,3,4,1742,stree,basic,minmax,1742,116,234299,7.25317
19,4,2,2,646,stree,basic,minmax,646,89,100,0.002359
30,3,3,8,2490,stree,basic,minmax,2490,182,249621,9.08203
20,4,2,3,740,stree,basic,minmax,740,102,125067,2.70612
22,4,2,5,946,stree,basic,minmax,946,131,899,0.062477
23,4,2,6,1058,stree,basic,minmax,1058,147,209,0.005979
24,4,2,7,1176,stree,basic,minmax,1176,164,240,0.007331
25,4,2,8,1300,stree,basic,minmax,1300,182,1035,0.057027
26,4,2,9,1430,stree,basic,minmax,1430,201,1492,0.075979
27,4,2,10,1566,stree,basic,minmax,1566,221,1491,0.078599
28,4,2,11,1708,stree,basic,minmax,1708,242,4382,0.245924
29,4,2,12,1856,stree,basic,minmax,1856,264,13969,0.615379
21,4,2,4,840,stree,basic,minmax,840,116,90043,1.98678
4,3,1,0,12,stree,basic,matrix,12,3,4,4.6e-05
6,3,1,2,42,stree,basic,matrix,42,8,9,5.9e-05
8,3,1,4,88,stree,basic,matrix,88,13,15,0.000112
10,3,2,0,150,stree,basic,matrix,150,15,16,0.000164
12,3,2,2,252,stree,basic,matrix,252,26,27,0.000378
14,3,2,4,378,stree,basic,matrix,378,41,51,0.000847
16,3,2,6,528,stree,basic,matrix,528,60,69,0.00138
18,3,2,8,702,stree,basic,matrix,702,62,100,0.002303
20,3,2,10,900,stree,basic,matrix,900,64,147,0.003776
30,4,2,13,2010,stree,basic,minmax,2010,287,8162,0.399904
24,3,3,2,1416,stree,basic,matrix,1416,89,830,0.089409
22,3,3,0,1122,stree,basic,matrix,0,66,12195,0.402411
28,3,3,6,2100,stree,basic,matrix,2100,147,10575,0.569043
16,4,1,11,416,stree,basic,minmax,0,64,626551,12.8535
5,4,1,0,20,stree,basic,matrix,20,6,7,5.1e-05
6,4,1,1,36,stree,basic,matrix,36,9,23,0.000128
7,4,1,2,56,stree,basic,matrix,56,13,45,0.000263
8,4,1,3,80,stree,basic,matrix,80,18,19,0.000159
9,4,1,4,108,stree,basic,matrix,108,24,32,0.000256
10,4,1,5,140,stree,basic,matrix,140,31,38,0.000347
11,4,1,6,176,stree,basic,matrix,176,39,63,0.000635
12,4,1,7,216,stree,basic,matrix,216,48,88,0.001049
13,4,1,8,260,stree,basic,matrix,260,58,128,0.001666
14,4,1,9,308,stree,basic,matrix,308,60,245441,3.37518
15,4,1,10,360,stree,basic,matrix,360,62,606,0.009029
26,3,3,4,1742,stree,basic,matrix,1742,116,234299,9.95998
17,4,2,0,476,stree,basic,matrix,0,66,13502,0.343753
30,3,3,8,2490,stree,basic,matrix,2490,182,249621,14.018
19,4,2,2,646,stree,basic,matrix,646,89,100,0.002722
16,4,1,11,416,stree,basic,matrix,0,64,626551,10.8829
20,4,2,3,740,stree,basic,matrix,740,102,125067,3.21403
22,4,2,5,946,stree,basic,matrix,946,131,899,0.064866
23,4,2,6,1058,stree,basic,matrix,1058,147,209,0.006538
24,4,2,7,1176,stree,basic,matrix,1176,164,240,0.008299
25,4,2,8,1300,stree,basic,matrix,1300,182,1035,0.090334
26,4,2,9,1430,stree,basic,matrix,1430,201,1492,0.150256
27,4,2,10,1566,stree,basic,matrix,1566,221,1491,0.174677
28,4,2,11,1708,stree,basic,matrix,1708,242,4382,0.259376
21,4,2,4,840,stree,basic,matrix,840,116,90043,2.58526
29,4,2,12,1856,stree,basic,matrix,1856,264,13969,0.714642
4,3,1,0,12,stree,basic,minmax,12,3,4,5.5e-05
6,3,1,2,42,stree,basic,minmax,42,8,9,8.6e-05
8,3,1,4,88,stree,basic,minmax,88,13,15,0.000151
10,3,2,0,150,stree,basic,minmax,150,15,16,0.000194
12,3,2,2,252,stree,basic,minmax,252,26,27,0.000355
14,3,2,4,378,stree,basic,minmax,378,41,51,0.000771
16,3,2,6,528,stree,basic,minmax,528,60,69,0.001148
18,3,2,8,702,stree,basic,minmax,702,62,100,0.001973
20,3,2,10,900,stree,basic,minmax,900,64,147,0.003446
30,4,2,13,2010,stree,basic,matrix,2010,287,8162,0.491966
24,3,3,2,1416,stree,basic,minmax,1416,89,830,0.063235
22,3,3,0,1122,stree,basic,minmax,0,66,12195,0.496133
28,3,3,6,2100,stree,basic,minmax,2100,147,10575,0.438161
18,4,2,1,558,stree,basic,minmax,0,77,1329149,28.4722
5,4,1,0,20,stree,basic,minmax,20,6,7,7.6e-05
6,4,1,1,36,stree,basic,minmax,36,9,23,0.000178
7,4,1,2,56,stree,basic,minmax,56,13,45,0.000367
8,4,1,3,80,stree,basic,minmax,80,18,19,0.000257
9,4,1,4,108,stree,basic,minmax,108,24,32,0.000339
10,4,1,5,140,stree,basic,minmax,140,31,38,0.000473
11,4,1,6,176,stree,basic,minmax,176,39,63,0.000779
12,4,1,7,216,stree,basic,minmax,216,48,88,0.001208
13,4,1,8,260,stree,basic,minmax,260,58,128,0.001848
14,4,1,9,308,stree,basic,minmax,308,60,245441,4.02239
15,4,1,10,360,stree,basic,minmax,360,62,606,0.010514
26,3,3,4,1742,stree,basic,minmax,1742,116,234299,7.33344
17,4,2,0,476,stree,basic,minmax,0,66,13502,0.362645
30,3,3,8,2490,stree,basic,minmax,2490,182,249621,9.19575
19,4,2,2,646,stree,basic,minmax,646,89,100,0.002356
20,4,2,3,740,stree,basic,minmax,740,102,125067,2.78231
21,4,2,4,840,stree,basic,minmax,840,116,90043,2.00584
22,4,2,5,946,stree,basic,minmax,946,131,899,0.034376
23,4,2,6,1058,stree,basic,minmax,1058,147,209,0.005974
24,4,2,7,1176,stree,basic,minmax,1176,164,240,0.007168
25,4,2,8,1300,stree,basic,minmax,1300,182,1035,0.093004
26,4,2,9,1430,stree,basic,minmax,1430,201,1492,0.084559
27,4,2,10,1566,stree,basic,minmax,1566,221,1491,0.079325
28,4,2,11,1708,stree,basic,minmax,1708,242,4382,0.264252
29,4,2,12,1856,stree,basic,minmax,1856,264,13969,0.615804
30,4,2,13,2010,stree,basic,minmax,2010,287,8162,0.395189
4,3,1,0,12,stree,basic,matrix,12,3,4,3.5e-05
6,3,1,2,42,stree,basic,matrix,42,8,9,6e-05
8,3,1,4,88,stree,basic,matrix,88,13,15,0.000121
10,3,2,0,150,stree,basic,matrix,150,15,16,0.000146
12,3,2,2,252,stree,basic,matrix,252,26,27,0.00036
14,3,2,4,378,stree,basic,matrix,378,41,51,0.000813
16,3,2,6,528,stree,basic,matrix,528,60,69,0.001285
18,3,2,8,702,stree,basic,matrix,702,62,100,0.002266
20,3,2,10,900,stree,basic,matrix,900,64,147,0.003811
22,3,3,0,1122,stree,basic,matrix,0,66,12195,0.417022
24,3,3,2,1416,stree,basic,matrix,1416,89,830,0.088587
18,4,2,1,558,stree,basic,matrix,0,77,1329149,25.4399
28,3,3,6,2100,stree,basic,matrix,2100,147,10575,0.570312
16,4,1,11,416,stree,basic,minmax,0,64,626551,13.3431
5,4,1,0,20,stree,basic,matrix,20,6,7,5.1e-05
6,4,1,1,36,stree,basic,matrix,36,9,23,0.000128
7,4,1,2,56,stree,basic,matrix,56,13,45,0.000246
8,4,1,3,80,stree,basic,matrix,80,18,19,0.000148
9,4,1,4,108,stree,basic,matrix,108,24,32,0.000255
10,4,1,5,140,stree,basic,matrix,140,31,38,0.000349
11,4,1,6,176,stree,basic,matrix,176,39,63,0.000653
12,4,1,7,216,stree,basic,matrix,216,48,88,0.001027
13,4,1,8,260,stree,basic,matrix,260,58,128,0.001635
14,4,1,9,308,stree,basic,matrix,308,60,245441,3.52406
15,4,1,10,360,stree,basic,matrix,360,62,606,0.013468
26,3,3,4,1742,stree,basic,matrix,1742,116,234299,10.1275
17,4,2,0,476,stree,basic,matrix,0,66,13502,0.299312
30,3,3,8,2490,stree,basic,matrix,2490,182,249621,14.0418
19,4,2,2,646,stree,basic,matrix,646,89,100,0.002373
16,4,1,11,416,stree,basic,matrix,0,64,626551,10.4699
20,4,2,3,740,stree,basic,matrix,740,102,125067,2.9685
22,4,2,5,946,stree,basic,matrix,946,131,899,0.067558
23,4,2,6,1058,stree,basic,matrix,1058,147,209,0.006591
24,4,2,7,1176,stree,basic,matrix,1176,164,240,0.008389
25,4,2,8,1300,stree,basic,matrix,1300,182,1035,0.063543
26,4,2,9,1430,stree,basic,matrix,1430,201,1492,0.093426
27,4,2,10,1566,stree,basic,matrix,1566,221,1491,0.113869
28,4,2,11,1708,stree,basic,matrix,1708,242,4382,0.240182
29,4,2,12,1856,stree,basic,matrix,1856,264,13969,0.731908
30,4,2,13,2010,stree,basic,matrix,2010,287,8162,0.480783
4,3,1,0,12,stree,basic,minmax,12,3,4,5e-05
6,3,1,2,42,stree,basic,minmax,42,8,9,8.3e-05
8,3,1,4,88,stree,basic,minmax,88,13,15,0.000148
10,3,2,0,150,stree,basic,minmax,150,15,16,0.000193
12,3,2,2,252,stree,basic,minmax,252,26,27,0.000372
14,3,2,4,378,stree,basic,minmax,378,41,51,0.000735
16,3,2,6,528,stree,basic,minmax,528,60,69,0.001158
18,3,2,8,702,stree,basic,minmax,702,62,100,0.001934
20,3,2,10,900,stree,basic,minmax,900,64,147,0.00331
22,3,3,0,1122,stree,basic,minmax,0,66,12195,0.411366
24,3,3,2,1416,stree,basic,minmax,1416,89,830,0.064349
21,4,2,4,840,stree,basic,matrix,840,116,90043,2.35825
18,4,2,1,558,stree,basic,minmax,0,77,1329149,28.5788
28,3,3,6,2100,stree,basic,minmax,2100,147,10575,0.406899
5,4,1,0,20,stree,basic,minmax,20,6,7,7.5e-05
6,4,1,1,36,stree,basic,minmax,36,9,23,0.000175
7,4,1,2,56,stree,basic,minmax,56,13,45,0.000346
8,4,1,3,80,stree,basic,minmax,80,18,19,0.000201
9,4,1,4,108,stree,basic,minmax,108,24,32,0.000338
10,4,1,5,140,stree,basic,minmax,140,31,38,0.000435
11,4,1,6,176,stree,basic,minmax,176,39,63,0.000765
12,4,1,7,216,stree,basic,minmax,216,48,88,0.001145
13,4,1,8,260,stree,basic,minmax,260,58,128,0.001829
14,4,1,9,308,stree,basic,minmax,308,60,245441,3.91944
15,4,1,10,360,stree,basic,minmax,360,62,606,0.011215
26,3,3,4,1742,stree,basic,minmax,1742,116,234299,7.15144
17,4,2,0,476,stree,basic,minmax,0,66,13502,0.371825
30,3,3,8,2490,stree,basic,minmax,2490,182,249621,9.0873
19,4,2,2,646,stree,basic,minmax,646,89,100,0.002402
20,4,2,3,740,stree,basic,minmax,740,102,125067,2.74714
21,4,2,4,840,stree,basic,minmax,840,116,90043,1.97696
22,4,2,5,946,stree,basic,minmax,946,131,899,0.05417
23,4,2,6,1058,stree,basic,minmax,1058,147,209,0.006104
24,4,2,7,1176,stree,basic,minmax,1176,164,240,0.016264
25,4,2,8,1300,stree,basic,minmax,1300,182,1035,0.049245
26,4,2,9,1430,stree,basic,minmax,1430,201,1492,0.079328
27,4,2,10,1566,stree,basic,minmax,1566,221,1491,0.130021
28,4,2,11,1708,stree,basic,minmax,1708,242,4382,0.2106
29,4,2,12,1856,stree,basic,minmax,1856,264,13969,0.596931
30,4,2,13,2010,stree,basic,minmax,2010,287,8162,0.43222
4,3,1,0,12,stree,basic,matrix,12,3,4,7.1e-05
6,3,1,2,42,stree,basic,matrix,42,8,9,6e-05
8,3,1,4,88,stree,basic,matrix,88,13,15,0.000108
10,3,2,0,150,stree,basic,matrix,150,15,16,0.000146
12,3,2,2,252,stree,basic,matrix,252,26,27,0.000363
14,3,2,4,378,stree,basic,matrix,378,41,51,0.000811
16,3,2,6,528,stree,basic,matrix,528,60,69,0.001283
18,3,2,8,702,stree,basic,matrix,702,62,100,0.002252
20,3,2,10,900,stree,basic,matrix,900,64,147,0.003802
18,4,2,1,558,stree,basic,matrix,0,77,1329149,24.6886
24,3,3,2,1416,stree,basic,matrix,1416,89,830,0.103913
22,3,3,0,1122,stree,basic,matrix,0,66,12195,0.400339
28,3,3,6,2100,stree,basic,matrix,2100,147,10575,0.584473
16,4,1,11,416,stree,basic,minmax,0,64,626551,12.8873
5,4,1,0,20,stree,basic,matrix,20,6,7,5.1e-05
6,4,1,1,36,stree,basic,matrix,36,9,23,0.000141
7,4,1,2,56,stree,basic,matrix,56,13,45,0.000292
8,4,1,3,80,stree,basic,matrix,80,18,19,0.000145
9,4,1,4,108,stree,basic,matrix,108,24,32,0.000255
10,4,1,5,140,stree,basic,matrix,140,31,38,0.000359
11,4,1,6,176,stree,basic,matrix,176,39,63,0.000699
12,4,1,7,216,stree,basic,matrix,216,48,88,0.00105
13,4,1,8,260,stree,basic,matrix,260,58,128,0.001702
14,4,1,9,308,stree,basic,matrix,308,60,245441,3.38326
15,4,1,10,360,stree,basic,matrix,360,62,606,0.016188
26,3,3,4,1742,stree,basic,matrix,1742,116,234299,9.74987
17,4,2,0,476,stree,basic,matrix,0,66,13502,0.317783
30,3,3,8,2490,stree,basic,matrix,2490,182,249621,13.7838
19,4,2,2,646,stree,basic,matrix,646,89,100,0.002389
16,4,1,11,416,stree,basic,matrix,0,64,626551,10.393
20,4,2,3,740,stree,basic,matrix,740,102,125067,2.9826
22,4,2,5,946,stree,basic,matrix,946,131,899,0.070906
23,4,2,6,1058,stree,basic,matrix,1058,147,209,0.00661
24,4,2,7,1176,stree,basic,matrix,1176,164,240,0.008002
25,4,2,8,1300,stree,basic,matrix,1300,182,1035,0.054277
26,4,2,9,1430,stree,basic,matrix,1430,201,1492,0.094317
27,4,2,10,1566,stree,basic,matrix,1566,221,1491,0.093287
28,4,2,11,1708,stree,basic,matrix,1708,242,4382,0.25081
21,4,2,4,840,stree,basic,matrix,840,116,90043,2.35036
30,4,2,13,2010,stree,basic,matrix,2010,287,8162,0.491885
4,3,1,0,12,stree,basic,minmax,12,3,4,4.9e-05
6,3,1,2,42,stree,basic,minmax,42,8,9,8.5e-05
8,3,1,4,88,stree,basic,minmax,88,13,15,0.000162
10,3,2,0,150,stree,basic,minmax,150,15,16,0.000194
12,3,2,2,252,stree,basic,minmax,252,26,27,0.000359
14,3,2,4,378,stree,basic,minmax,378,41,51,0.000735
16,3,2,6,528,stree,basic,minmax,528,60,69,0.001145
18,3,2,8,702,stree,basic,minmax,702,62,100,0.001931
20,3,2,10,900,stree,basic,minmax,900,64,147,0.003292
29,4,2,12,1856,stree,basic,matrix,1856,264,13969,0.695219
24,3,3,2,1416,stree,basic,minmax,1416,89,830,0.032319
22,3,3,0,1122,stree,basic,minmax,0,66,12195,0.390043
28,3,3,6,2100,stree,basic,minmax,2100,147,10575,0.45193
18,4,2,1,558,stree,basic,minmax,0,77,1329149,27.4342
5,4,1,0,20,stree,basic,minmax,20,6,7,7.7e-05
6,4,1,1,36,stree,basic,minmax,36,9,23,0.000208
7,4,1,2,56,stree,basic,minmax,56,13,45,0.000357
8,4,1,3,80,stree,basic,minmax,80,18,19,0.000201
9,4,1,4,108,stree,basic,minmax,108,24,32,0.000382
10,4,1,5,140,stree,basic,minmax,140,31,38,0.000436
11,4,1,6,176,stree,basic,minmax,176,39,63,0.000766
12,4,1,7,216,stree,basic,minmax,216,48,88,0.001143
13,4,1,8,260,stree,basic,minmax,260,58,128,0.001824
14,4,1,9,308,stree,basic,minmax,308,60,245441,3.89728
15,4,1,10,360,stree,basic,minmax,360,62,606,0.019801
26,3,3,4,1742,stree,basic,minmax,1742,116,234299,7.1496
17,4,2,0,476,stree,basic,minmax,0,66,13502,0.369719
30,3,3,8,2490,stree,basic,minmax,2490,182,249621,9.02195
19,4,2,2,646,stree,basic,minmax,646,89,100,0.002362
20,4,2,3,740,stree,basic,minmax,740,102,125067,2.70473
21,4,2,4,840,stree,basic,minmax,840,116,90043,1.99439
22,4,2,5,946,stree,basic,minmax,946,131,899,0.059336
23,4,2,6,1058,stree,basic,minmax,1058,147,209,0.005981
24,4,2,7,1176,stree,basic,minmax,1176,164,240,0.007165
25,4,2,8,1300,stree,basic,minmax,1300,182,1035,0.041455
26,4,2,9,1430,stree,basic,minmax,1430,201,1492,0.072199
27,4,2,10,1566,stree,basic,minmax,1566,221,1491,0.107183
28,4,2,11,1708,stree,basic,minmax,1708,242,4382,0.238597
29,4,2,12,1856,stree,basic,minmax,1856,264,13969,0.589488
30,4,2,13,2010,stree,basic,minmax,2010,287,8162,0.389115
4,3,1,0,12,stree,basic,matrix,12,3,4,3.5e-05
6,3,1,2,42,stree,basic,matrix,42,8,9,5.9e-05
8,3,1,4,88,stree,basic,matrix,88,13,15,0.000109
10,3,2,0,150,stree,basic,matrix,150,15,16,0.000147
12,3,2,2,252,stree,basic,matrix,252,26,27,0.000409
14,3,2,4,378,stree,basic,matrix,378,41,51,0.000848
16,3,2,6,528,stree,basic,matrix,528,60,69,0.001347
18,3,2,8,702,stree,basic,matrix,702,62,100,0.002291
20,3,2,10,900,stree,basic,matrix,900,64,147,0.003766
22,3,3,0,1122,stree,basic,matrix,0,66,12195,0.413255
18,4,2,1,558,stree,basic,matrix,0,77,1329149,24.56
24,3,3,2,1416,stree,basic,matrix,1416,89,830,0.075874
28,3,3,6,2100,stree,basic,matrix,2100,147,10575,0.558046
16,4,1,11,416,stree,basic,minmax,0,64,626551,13.0604
5,4,1,0,20,stree,basic,matrix,20,6,7,5.1e-05
6,4,1,1,36,stree,basic,matrix,36,9,23,0.000141
7,4,1,2,56,stree,basic,matrix,56,13,45,0.000249
8,4,1,3,80,stree,basic,matrix,80,18,19,0.000144
9,4,1,4,108,stree,basic,matrix,108,24,32,0.000256
10,4,1,5,140,stree,basic,matrix,140,31,38,0.000348
11,4,1,6,176,stree,basic,matrix,176,39,63,0.000688
12,4,1,7,216,stree,basic,matrix,216,48,88,0.001218
13,4,1,8,260,stree,basic,matrix,260,58,128,0.001642
14,4,1,9,308,stree,basic,matrix,308,60,245441,3.39123
15,4,1,10,360,stree,basic,matrix,360,62,606,0.015817
26,3,3,4,1742,stree,basic,matrix,1742,116,234299,9.80505
17,4,2,0,476,stree,basic,matrix,0,66,13502,0.30112
30,3,3,8,2490,stree,basic,matrix,2490,182,249621,13.7429
19,4,2,2,646,stree,basic,matrix,646,89,100,0.002398
16,4,1,11,416,stree,basic,matrix,0,64,626551,10.3194
20,4,2,3,740,stree,basic,matrix,740,102,125067,2.98849
22,4,2,5,946,stree,basic,matrix,946,131,899,0.073338
23,4,2,6,1058,stree,basic,matrix,1058,147,209,0.007072
24,4,2,7,1176,stree,basic,matrix,1176,164,240,0.008095
25,4,2,8,1300,stree,basic,matrix,1300,182,1035,0.056686
26,4,2,9,1430,stree,basic,matrix,1430,201,1492,0.138609
27,4,2,10,1566,stree,basic,matrix,1566,221,1491,0.115301
28,4,2,11,1708,stree,basic,matrix,1708,242,4382,0.238774
21,4,2,4,840,stree,basic,matrix,840,116,90043,2.37345
30,4,2,13,2010,stree,basic,matrix,2010,287,8162,0.451429
4,3,1,0,12,stree,basic,minmax,12,3,4,4.9e-05
6,3,1,2,42,stree,basic,minmax,42,8,9,8.5e-05
8,3,1,4,88,stree,basic,minmax,88,13,15,0.000148
10,3,2,0,150,stree,basic,minmax,150,15,16,0.000191
12,3,2,2,252,stree,basic,minmax,252,26,27,0.000382
14,3,2,4,378,stree,basic,minmax,378,41,51,0.000731
16,3,2,6,528,stree,basic,minmax,528,60,69,0.001156
18,3,2,8,702,stree,basic,minmax,702,62,100,0.00198
20,3,2,10,900,stree,basic,minmax,900,64,147,0.003287
29,4,2,12,1856,stree,basic,matrix,1856,264,13969,0.734061
24,3,3,2,1416,stree,basic,minmax,1416,89,830,0.059447
22,3,3,0,1122,stree,basic,minmax,0,66,12195,0.439905
18,4,2,1,558,stree,basic,minmax,0,77,1329149,27.4319
28,3,3,6,2100,stree,basic,minmax,2100,147,10575,0.423595
5,4,1,0,20,stree,basic,minmax,20,6,7,9.1e-05
6,4,1,1,36,stree,basic,minmax,36,9,23,0.000176
7,4,1,2,56,stree,basic,minmax,56,13,45,0.000332
8,4,1,3,80,stree,basic,minmax,80,18,19,0.000202
9,4,1,4,108,stree,basic,minmax,108,24,32,0.000344
10,4,1,5,140,stree,basic,minmax,140,31,38,0.000453
11,4,1,6,176,stree,basic,minmax,176,39,63,0.00077
12,4,1,7,216,stree,basic,minmax,216,48,88,0.001145
13,4,1,8,260,stree,basic,minmax,260,58,128,0.001799
14,4,1,9,308,stree,basic,minmax,308,60,245441,3.95655
15,4,1,10,360,stree,basic,minmax,360,62,606,0.010194
26,3,3,4,1742,stree,basic,minmax,1742,116,234299,7.17709
17,4,2,0,476,stree,basic,minmax,0,66,13502,0.354444
30,3,3,8,2490,stree,basic,minmax,2490,182,249621,9.05872
19,4,2,2,646,stree,basic,minmax,646,89,100,0.002361
20,4,2,3,740,stree,basic,minmax,740,102,125067,2.71231
21,4,2,4,840,stree,basic,minmax,840,116,90043,2.0058
22,4,2,5,946,stree,basic,minmax,946,131,899,0.055786
23,4,2,6,1058,stree,basic,minmax,1058,147,209,0.006162
24,4,2,7,1176,stree,basic,minmax,1176,164,240,0.007132
25,4,2,8,1300,stree,basic,minmax,1300,182,1035,0.082517
26,4,2,9,1430,stree,basic,minmax,1430,201,1492,0.074402
27,4,2,10,1566,stree,basic,minmax,1566,221,1491,0.091243
28,4,2,11,1708,stree,basic,minmax,1708,242,4382,0.211406
29,4,2,12,1856,stree,basic,minmax,1856,264,13969,0.600065
30,4,2,13,2010,stree,basic,minmax,2010,287,8162,0.385958
4,3,1,0,12,stree,basic,matrix,12,3,4,3.4e-05
6,3,1,2,42,stree,basic,matrix,42,8,9,5.9e-05
8,3,1,4,88,stree,basic,matrix,88,13,15,0.000108
10,3,2,0,150,stree,basic,matrix,150,15,16,0.000164
12,3,2,2,252,stree,basic,matrix,252,26,27,0.000378
14,3,2,4,378,stree,basic,matrix,378,41,51,0.000822
16,3,2,6,528,stree,basic,matrix,528,60,69,0.001282
18,3,2,8,702,stree,basic,matrix,702,62,100,0.00228
20,3,2,10,900,stree,basic,matrix,900,64,147,0.003902
22,3,3,0,1122,stree,basic,matrix,0,66,12195,0.402877
24,3,3,2,1416,stree,basic,matrix,1416,89,830,0.089838
18,4,2,1,558,stree,basic,matrix,0,77,1329149,24.6242
28,3,3,6,2100,stree,basic,matrix,2100,147,10575,0.581131
16,4,1,11,416,stree,basic,minmax,0,64,626551,13.0056
5,4,1,0,20,stree,basic,matrix,20,6,7,7.1e-05
6,4,1,1,36,stree,basic,matrix,36,9,23,0.000127
7,4,1,2,56,stree,basic,matrix,56,13,45,0.000246
8,4,1,3,80,stree,basic,matrix,80,18,19,0.000146
9,4,1,4,108,stree,basic,matrix,108,24,32,0.000269
10,4,1,5,140,stree,basic,matrix,140,31,38,0.000361
11,4,1,6,176,stree,basic,matrix,176,39,63,0.00068
12,4,1,7,216,stree,basic,matrix,216,48,88,0.001075
13,4,1,8,260,stree,basic,matrix,260,58,128,0.001681
14,4,1,9,308,stree,basic,matrix,308,60,245441,3.39588
15,4,1,10,360,stree,basic,matrix,360,62,606,0.008962
26,3,3,4,1742,stree,basic,matrix,1742,116,234299,9.88895
17,4,2,0,476,stree,basic,matrix,0,66,13502,0.295504
30,3,3,8,2490,stree,basic,matrix,2490,182,249621,13.7101
19,4,2,2,646,stree,basic,matrix,646,89,100,0.002363
16,4,1,11,416,stree,basic,matrix,0,64,626551,10.3463
21,4,2,4,840,stree,basic,matrix,840,116,90043,2.41407
22,4,2,5,946,stree,basic,matrix,946,131,899,0.065387
23,4,2,6,1058,stree,basic,matrix,1058,147,209,0.006482
24,4,2,7,1176,stree,basic,matrix,1176,164,240,0.00842
25,4,2,8,1300,stree,basic,matrix,1300,182,1035,0.058496
26,4,2,9,1430,stree,basic,matrix,1430,201,1492,0.091159
27,4,2,10,1566,stree,basic,matrix,1566,221,1491,0.102117
28,4,2,11,1708,stree,basic,matrix,1708,242,4382,0.243942
20,4,2,3,740,stree,basic,matrix,740,102,125067,3.00958
30,4,2,13,2010,stree,basic,matrix,2010,287,8162,0.46202
4,3,1,0,12,stree,basic,minmax,12,3,4,5.2e-05
6,3,1,2,42,stree,basic,minmax,42,8,9,8.3e-05
8,3,1,4,88,stree,basic,minmax,88,13,15,0.000148
10,3,2,0,150,stree,basic,minmax,150,15,16,0.000205
12,3,2,2,252,stree,basic,minmax,252,26,27,0.00036
14,3,2,4,378,stree,basic,minmax,378,41,51,0.000734
16,3,2,6,528,stree,basic,minmax,528,60,69,0.001192
18,3,2,8,702,stree,basic,minmax,702,62,100,0.001997
20,3,2,10,900,stree,basic,minmax,900,64,147,0.003275
29,4,2,12,1856,stree,basic,matrix,1856,264,13969,0.731147
24,3,3,2,1416,stree,basic,minmax,1416,89,830,0.064688
22,3,3,0,1122,stree,basic,minmax,0,66,12195,0.415192
18,4,2,1,558,stree,basic,minmax,0,77,1329149,27.3824
28,3,3,6,2100,stree,basic,minmax,2100,147,10575,0.44543
5,4,1,0,20,stree,basic,minmax,20,6,7,7.5e-05
6,4,1,1,36,stree,basic,minmax,36,9,23,0.000174
7,4,1,2,56,stree,basic,minmax,56,13,45,0.000394
8,4,1,3,80,stree,basic,minmax,80,18,19,0.000208
9,4,1,4,108,stree,basic,minmax,108,24,32,0.00035
10,4,1,5,140,stree,basic,minmax,140,31,38,0.000437
11,4,1,6,176,stree,basic,minmax,176,39,63,0.000792
12,4,1,7,216,stree,basic,minmax,216,48,88,0.001151
13,4,1,8,260,stree,basic,minmax,260,58,128,0.001931
14,4,1,9,308,stree,basic,minmax,308,60,245441,3.94736
15,4,1,10,360,stree,basic,minmax,360,62,606,0.021906
26,3,3,4,1742,stree,basic,minmax,1742,116,234299,7.24922
17,4,2,0,476,stree,basic,minmax,0,66,13502,0.371727
30,3,3,8,2490,stree,basic,minmax,2490,182,249621,9.04693
19,4,2,2,646,stree,basic,minmax,646,89,100,0.002358
20,4,2,3,740,stree,basic,minmax,740,102,125067,2.72677
21,4,2,4,840,stree,basic,minmax,840,116,90043,1.9942
22,4,2,5,946,stree,basic,minmax,946,131,899,0.04868
23,4,2,6,1058,stree,basic,minmax,1058,147,209,0.005914
24,4,2,7,1176,stree,basic,minmax,1176,164,240,0.007214
25,4,2,8,1300,stree,basic,minmax,1300,182,1035,0.049116
26,4,2,9,1430,stree,basic,minmax,1430,201,1492,0.134838
27,4,2,10,1566,stree,basic,minmax,1566,221,1491,0.090841
28,4,2,11,1708,stree,basic,minmax,1708,242,4382,0.215911
29,4,2,12,1856,stree,basic,minmax,1856,264,13969,0.602741
30,4,2,13,2010,stree,basic,minmax,2010,287,8162,0.391
4,3,1,0,12,stree,basic,matrix,12,3,4,3.5e-05
6,3,1,2,42,stree,basic,matrix,42,8,9,5.9e-05
8,3,1,4,88,stree,basic,matrix,88,13,15,0.000111
10,3,2,0,150,stree,basic,matrix,150,15,16,0.000146
12,3,2,2,252,stree,basic,matrix,252,26,27,0.000379
14,3,2,4,378,stree,basic,matrix,378,41,51,0.000818
16,3,2,6,528,stree,basic,matrix,528,60,69,0.001373
18,3,2,8,702,stree,basic,matrix,702,62,100,0.002213
20,3,2,10,900,stree,basic,matrix,900,64,147,0.003768
22,3,3,0,1122,stree,basic,matrix,0,66,12195,0.412037
18,4,2,1,558,stree,basic,matrix,0,77,1329149,24.6169
24,3,3,2,1416,stree,basic,matrix,1416,89,830,0.08484
28,3,3,6,2100,stree,basic,matrix,2100,147,10575,0.584255
16,4,1,11,416,stree,basic,minmax,0,64,626551,12.955
5,4,1,0,20,stree,basic,matrix,20,6,7,5.1e-05
6,4,1,1,36,stree,basic,matrix,36,9,23,0.000163
7,4,1,2,56,stree,basic,matrix,56,13,45,0.000244
8,4,1,3,80,stree,basic,matrix,80,18,19,0.000187
9,4,1,4,108,stree,basic,matrix,108,24,32,0.000255
10,4,1,5,140,stree,basic,matrix,140,31,38,0.000393
11,4,1,6,176,stree,basic,matrix,176,39,63,0.000716
12,4,1,7,216,stree,basic,matrix,216,48,88,0.001418
13,4,1,8,260,stree,basic,matrix,260,58,128,0.001614
14,4,1,9,308,stree,basic,matrix,308,60,245441,3.35491
15,4,1,10,360,stree,basic,matrix,360,62,606,0.016749
26,3,3,4,1742,stree,basic,matrix,1742,116,234299,9.77132
17,4,2,0,476,stree,basic,matrix,0,66,13502,0.319174
30,3,3,8,2490,stree,basic,matrix,2490,182,249621,13.6823
19,4,2,2,646,stree,basic,matrix,646,89,100,0.002406
16,4,1,11,416,stree,basic,matrix,0,64,626551,10.3273
20,4,2,3,740,stree,basic,matrix,740,102,125067,2.94936
22,4,2,5,946,stree,basic,matrix,946,131,899,0.082268
23,4,2,6,1058,stree,basic,matrix,1058,147,209,0.007524
24,4,2,7,1176,stree,basic,matrix,1176,164,240,0.008079
25,4,2,8,1300,stree,basic,matrix,1300,182,1035,0.057365
26,4,2,9,1430,stree,basic,matrix,1430,201,1492,0.144877
27,4,2,10,1566,stree,basic,matrix,1566,221,1491,0.10545
28,4,2,11,1708,stree,basic,matrix,1708,242,4382,0.23675
21,4,2,4,840,stree,basic,matrix,840,116,90043,2.35356
30,4,2,13,2010,stree,basic,matrix,2010,287,8162,0.465729
4,3,1,0,12,stree,basic,minmax,12,3,4,5.1e-05
6,3,1,2,42,stree,basic,minmax,42,8,9,8.3e-05
8,3,1,4,88,stree,basic,minmax,88,13,15,0.000146
10,3,2,0,150,stree,basic,minmax,150,15,16,0.000207
12,3,2,2,252,stree,basic,minmax,252,26,27,0.000356
14,3,2,4,378,stree,basic,minmax,378,41,51,0.000731
16,3,2,6,528,stree,basic,minmax,528,60,69,0.001252
18,3,2,8,702,stree,basic,minmax,702,62,100,0.002018
20,3,2,10,900,stree,basic,minmax,900,64,147,0.00325
29,4,2,12,1856,stree,basic,matrix,1856,264,13969,0.702868
24,3,3,2,1416,stree,basic,minmax,1416,89,830,0.030933
22,3,3,0,1122,stree,basic,minmax,0,66,12195,0.425783
28,3,3,6,2100,stree,basic,minmax,2100,147,10575,0.426208
18,4,2,1,558,stree,basic,minmax,0,77,1329149,27.4313
5,4,1,0,20,stree,basic,minmax,20,6,7,8e-05
6,4,1,1,36,stree,basic,minmax,36,9,23,0.000178
7,4,1,2,56,stree,basic,minmax,56,13,45,0.000338
8,4,1,3,80,stree,basic,minmax,80,18,19,0.000201
9,4,1,4,108,stree,basic,minmax,108,24,32,0.00034
10,4,1,5,140,stree,basic,minmax,140,31,38,0.000529
11,4,1,6,176,stree,basic,minmax,176,39,63,0.000791
12,4,1,7,216,stree,basic,minmax,216,48,88,0.001146
13,4,1,8,260,stree,basic,minmax,260,58,128,0.001809
14,4,1,9,308,stree,basic,minmax,308,60,245441,3.89211
15,4,1,10,360,stree,basic,minmax,360,62,606,0.020028
26,3,3,4,1742,stree,basic,minmax,1742,116,234299,7.14651
17,4,2,0,476,stree,basic,minmax,0,66,13502,0.371528
30,3,3,8,2490,stree,basic,minmax,2490,182,249621,9.07034
19,4,2,2,646,stree,basic,minmax,646,89,100,0.00242
20,4,2,3,740,stree,basic,minmax,740,102,125067,2.75881
21,4,2,4,840,stree,basic,minmax,840,116,90043,2.00851
22,4,2,5,946,stree,basic,minmax,946,131,899,0.054597
23,4,2,6,1058,stree,basic,minmax,1058,147,209,0.005916
24,4,2,7,1176,stree,basic,minmax,1176,164,240,0.007637
25,4,2,8,1300,stree,basic,minmax,1300,182,1035,0.050832
26,4,2,9,1430,stree,basic,minmax,1430,201,1492,0.074422
27,4,2,10,1566,stree,basic,minmax,1566,221,1491,0.09993
28,4,2,11,1708,stree,basic,minmax,1708,242,4382,0.239094
29,4,2,12,1856,stree,basic,minmax,1856,264,13969,0.634952
30,4,2,13,2010,stree,basic,minmax,2010,287,8162,0.386263
4,3,1,0,12,stree,basic,matrix,12,3,4,3.5e-05
6,3,1,2,42,stree,basic,matrix,42,8,9,6.1e-05
8,3,1,4,88,stree,basic,matrix,88,13,15,0.000108
10,3,2,0,150,stree,basic,matrix,150,15,16,0.000146
12,3,2,2,252,stree,basic,matrix,252,26,27,0.00036
14,3,2,4,378,stree,basic,matrix,378,41,51,0.000891
16,3,2,6,528,stree,basic,matrix,528,60,69,0.001598
18,3,2,8,702,stree,basic,matrix,702,62,100,0.002221
20,3,2,10,900,stree,basic,matrix,900,64,147,0.004167
22,3,3,0,1122,stree,basic,matrix,0,66,12195,0.410793
24,3,3,2,1416,stree,basic,matrix,1416,89,830,0.088807
18,4,2,1,558,stree,basic,matrix,0,77,1329149,24.5817
28,3,3,6,2100,stree,basic,matrix,2100,147,10575,0.608425
16,4,1,11,416,stree,basic,minmax,0,64,626551,12.988
5,4,1,0,20,stree,basic,matrix,20,6,7,5.1e-05
6,4,1,1,36,stree,basic,matrix,36,9,23,0.000141
7,4,1,2,56,stree,basic,matrix,56,13,45,0.000247
8,4,1,3,80,stree,basic,matrix,80,18,19,0.000144
9,4,1,4,108,stree,basic,matrix,108,24,32,0.000258
10,4,1,5,140,stree,basic,matrix,140,31,38,0.000346
11,4,1,6,176,stree,basic,matrix,176,39,63,0.000638
12,4,1,7,216,stree,basic,matrix,216,48,88,0.001
13,4,1,8,260,stree,basic,matrix,260,58,128,0.002598
14,4,1,9,308,stree,basic,matrix,308,60,245441,3.38242
15,4,1,10,360,stree,basic,matrix,360,62,606,0.014138
26,3,3,4,1742,stree,basic,matrix,1742,116,234299,9.84446
17,4,2,0,476,stree,basic,matrix,0,66,13502,0.294872
30,3,3,8,2490,stree,basic,matrix,2490,182,249621,13.6666
19,4,2,2,646,stree,basic,matrix,646,89,100,0.002325
16,4,1,11,416,stree,basic,matrix,0,64,626551,10.2743
20,4,2,3,740,stree,basic,matrix,740,102,125067,2.93338
22,4,2,5,946,stree,basic,matrix,946,131,899,0.075793
23,4,2,6,1058,stree,basic,matrix,1058,147,209,0.00664
24,4,2,7,1176,stree,basic,matrix,1176,164,240,0.00797
25,4,2,8,1300,stree,basic,matrix,1300,182,1035,0.065662
21,4,2,4,840,stree,basic,matrix,840,116,90043,2.36886
26,4,2,9,1430,stree,basic,matrix,1430,201,1492,0.092132
27,4,2,10,1566,stree,basic,matrix,1566,221,1491,0.128609
28,4,2,11,1708,stree,basic,matrix,1708,242,4382,0.2998
29,4,2,12,1856,stree,basic,matrix,1856,264,13969,0.746212
4,3,1,0,12,stree,basic,minmax,12,3,4,5e-05
30,4,2,13,2010,stree,basic,matrix,2010,287,8162,0.451452
6,3,1,2,42,stree,basic,minmax,42,8,9,0.000264
8,3,1,4,88,stree,basic,minmax,88,13,15,0.000147
10,3,2,0,150,stree,basic,minmax,150,15,16,0.000193
12,3,2,2,252,stree,basic,minmax,252,26,27,0.000378
14,3,2,4,378,stree,basic,minmax,378,41,51,0.000902
16,3,2,6,528,stree,basic,minmax,528,60,69,0.001153
18,3,2,8,702,stree,basic,minmax,702,62,100,0.00244
20,3,2,10,900,stree,basic,minmax,900,64,147,0.003432
24,3,3,2,1416,stree,basic,minmax,1416,89,830,0.079719
22,3,3,0,1122,stree,basic,minmax,0,66,12195,0.477361
18,4,2,1,558,stree,basic,minmax,0,77,1329149,27.4315
28,3,3,6,2100,stree,basic,minmax,2100,147,10575,0.412537
5,4,1,0,20,stree,basic,minmax,20,6,7,7.7e-05
6,4,1,1,36,stree,basic,minmax,36,9,23,0.000173
7,4,1,2,56,stree,basic,minmax,56,13,45,0.000339
8,4,1,3,80,stree,basic,minmax,80,18,19,0.000227
9,4,1,4,108,stree,basic,minmax,108,24,32,0.000407
10,4,1,5,140,stree,basic,minmax,140,31,38,0.000452
11,4,1,6,176,stree,basic,minmax,176,39,63,0.000766
12,4,1,7,216,stree,basic,minmax,216,48,88,0.001139
13,4,1,8,260,stree,basic,minmax,260,58,128,0.001816
14,4,1,9,308,stree,basic,minmax,308,60,245441,3.90708
15,4,1,10,360,stree,basic,minmax,360,62,606,0.020174
26,3,3,4,1742,stree,basic,minmax,1742,116,234299,7.20001
17,4,2,0,476,stree,basic,minmax,0,66,13502,0.380635
30,3,3,8,2490,stree,basic,minmax,2490,182,249621,9.01304
19,4,2,2,646,stree,basic,minmax,646,89,100,0.002384
20,4,2,3,740,stree,basic,minmax,740,102,125067,2.67783
21,4,2,4,840,stree,basic,minmax,840,116,90043,1.9926
22,4,2,5,946,stree,basic,minmax,946,131,899,0.066509
23,4,2,6,1058,stree,basic,minmax,1058,147,209,0.005997
24,4,2,7,1176,stree,basic,minmax,1176,164,240,0.0072
25,4,2,8,1300,stree,basic,minmax,1300,182,1035,0.043287
26,4,2,9,1430,stree,basic,minmax,1430,201,1492,0.073711
27,4,2,10,1566,stree,basic,minmax,1566,221,1491,0.081784
28,4,2,11,1708,stree,basic,minmax,1708,242,4382,0.236117
29,4,2,12,1856,stree,basic,minmax,1856,264,13969,0.598746
30,4,2,13,2010,stree,basic,minmax,2010,287,8162,0.390449
4,3,1,0,12,stree,basic,matrix,12,3,4,3.4e-05
6,3,1,2,42,stree,basic,matrix,42,8,9,6.1e-05
8,3,1,4,88,stree,basic,matrix,88,13,15,0.000129
10,3,2,0,150,stree,basic,matrix,150,15,16,0.000145
12,3,2,2,252,stree,basic,matrix,252,26,27,0.000362
14,3,2,4,378,stree,basic,matrix,378,41,51,0.000878
16,3,2,6,528,stree,basic,matrix,528,60,69,0.001335
18,3,2,8,702,stree,basic,matrix,702,62,100,0.002261
20,3,2,10,900,stree,basic,matrix,900,64,147,0.003757
22,3,3,0,1122,stree,basic,matrix,0,66,12195,0.451564
24,3,3,2,1416,stree,basic,matrix,1416,89,830,0.089157
18,4,2,1,558,stree,basic,matrix,0,77,1329149,24.6893
28,3,3,6,2100,stree,basic,matrix,2100,147,10575,0.566548
16,4,1,11,416,stree,basic,minmax,0,64,626551,12.9072
5,4,1,0,20,stree,basic,matrix,20,6,7,5e-05
6,4,1,1,36,stree,basic,matrix,36,9,23,0.000178
7,4,1,2,56,stree,basic,matrix,56,13,45,0.000248
8,4,1,3,80,stree,basic,matrix,80,18,19,0.000144
9,4,1,4,108,stree,basic,matrix,108,24,32,0.000256
10,4,1,5,140,stree,basic,matrix,140,31,38,0.000348
11,4,1,6,176,stree,basic,matrix,176,39,63,0.00063
12,4,1,7,216,stree,basic,matrix,216,48,88,0.001006
13,4,1,8,260,stree,basic,matrix,260,58,128,0.001611
14,4,1,9,308,stree,basic,matrix,308,60,245441,3.37325
15,4,1,10,360,stree,basic,matrix,360,62,606,0.009014
26,3,3,4,1742,stree,basic,matrix,1742,116,234299,9.79258
17,4,2,0,476,stree,basic,matrix,0,66,13502,0.298214
30,3,3,8,2490,stree,basic,matrix,2490,182,249621,13.651
19,4,2,2,646,stree,basic,matrix,646,89,100,0.002433
16,4,1,11,416,stree,basic,matrix,0,64,626551,10.351
21,4,2,4,840,stree,basic,matrix,840,116,90043,2.3574
22,4,2,5,946,stree,basic,matrix,946,131,899,0.065784
23,4,2,6,1058,stree,basic,matrix,1058,147,209,0.00653
24,4,2,7,1176,stree,basic,matrix,1176,164,240,0.00806
25,4,2,8,1300,stree,basic,matrix,1300,182,1035,0.135329
26,4,2,9,1430,stree,basic,matrix,1430,201,1492,0.092726
20,4,2,3,740,stree,basic,matrix,740,102,125067,2.96852
27,4,2,10,1566,stree,basic,matrix,1566,221,1491,0.10674
28,4,2,11,1708,stree,basic,matrix,1708,242,4382,0.242764
30,4,2,13,2010,stree,basic,matrix,2010,287,8162,0.468627
4,3,1,0,12,stree,basic,minmax,12,3,4,5.3e-05
6,3,1,2,42,stree,basic,minmax,42,8,9,8.6e-05
8,3,1,4,88,stree,basic,minmax,88,13,15,0.000154
10,3,2,0,150,stree,basic,minmax,150,15,16,0.000196
12,3,2,2,252,stree,basic,minmax,252,26,27,0.000388
14,3,2,4,378,stree,basic,minmax,378,41,51,0.000733
16,3,2,6,528,stree,basic,minmax,528,60,69,0.001145
18,3,2,8,702,stree,basic,minmax,702,62,100,0.001982
20,3,2,10,900,stree,basic,minmax,900,64,147,0.00334
29,4,2,12,1856,stree,basic,matrix,1856,264,13969,0.738415
24,3,3,2,1416,stree,basic,minmax,1416,89,830,0.041883
22,3,3,0,1122,stree,basic,minmax,0,66,12195,0.413322
18,4,2,1,558,stree,basic,minmax,0,77,1329149,27.6086
28,3,3,6,2100,stree,basic,minmax,2100,147,10575,0.420969
5,4,1,0,20,stree,basic,minmax,20,6,7,7.5e-05
6,4,1,1,36,stree,basic,minmax,36,9,23,0.000236
7,4,1,2,56,stree,basic,minmax,56,13,45,0.000339
8,4,1,3,80,stree,basic,minmax,80,18,19,0.000214
9,4,1,4,108,stree,basic,minmax,108,24,32,0.000355
10,4,1,5,140,stree,basic,minmax,140,31,38,0.000486
11,4,1,6,176,stree,basic,minmax,176,39,63,0.000783
12,4,1,7,216,stree,basic,minmax,216,48,88,0.001135
13,4,1,8,260,stree,basic,minmax,260,58,128,0.001912
14,4,1,9,308,stree,basic,minmax,308,60,245441,3.90695
15,4,1,10,360,stree,basic,minmax,360,62,606,0.010221
26,3,3,4,1742,stree,basic,minmax,1742,116,234299,7.17811
17,4,2,0,476,stree,basic,minmax,0,66,13502,0.399632
30,3,3,8,2490,stree,basic,minmax,2490,182,249621,9.11719
19,4,2,2,646,stree,basic,minmax,646,89,100,0.002403
20,4,2,3,740,stree,basic,minmax,740,102,125067,2.7386
21,4,2,4,840,stree,basic,minmax,840,116,90043,1.9752
22,4,2,5,946,stree,basic,minmax,946,131,899,0.066181
23,4,2,6,1058,stree,basic,minmax,1058,147,209,0.005921
24,4,2,7,1176,stree,basic,minmax,1176,164,240,0.007256
25,4,2,8,1300,stree,basic,minmax,1300,182,1035,0.03941
26,4,2,9,1430,stree,basic,minmax,1430,201,1492,0.085598
27,4,2,10,1566,stree,basic,minmax,1566,221,1491,0.075827
28,4,2,11,1708,stree,basic,minmax,1708,242,4382,0.268269
29,4,2,12,1856,stree,basic,minmax,1856,264,13969,0.598385
30,4,2,13,2010,stree,basic,minmax,2010,287,8162,0.387638
4,3,1,0,12,stree,basic,matrix,12,3,4,3.4e-05
6,3,1,2,42,stree,basic,matrix,42,8,9,5.8e-05
8,3,1,4,88,stree,basic,matrix,88,13,15,0.000111
10,3,2,0,150,stree,basic,matrix,150,15,16,0.000188
12,3,2,2,252,stree,basic,matrix,252,26,27,0.000364
14,3,2,4,378,stree,basic,matrix,378,41,51,0.000823
16,3,2,6,528,stree,basic,matrix,528,60,69,0.001279
18,3,2,8,702,stree,basic,matrix,702,62,100,0.002271
20,3,2,10,900,stree,basic,matrix,900,64,147,0.003801
18,4,2,1,558,stree,basic,matrix,0,77,1329149,24.6021
24,3,3,2,1416,stree,basic,matrix,1416,89,830,0.087044
22,3,3,0,1122,stree,basic,matrix,0,66,12195,0.399403
28,3,3,6,2100,stree,basic,matrix,2100,147,10575,0.587706
16,4,1,11,416,stree,basic,minmax,0,64,626551,12.879
5,4,1,0,20,stree,basic,matrix,20,6,7,4.7e-05
6,4,1,1,36,stree,basic,matrix,36,9,23,0.000131
7,4,1,2,56,stree,basic,matrix,56,13,45,0.00026
8,4,1,3,80,stree,basic,matrix,80,18,19,0.000145
9,4,1,4,108,stree,basic,matrix,108,24,32,0.000255
10,4,1,5,140,stree,basic,matrix,140,31,38,0.000345
11,4,1,6,176,stree,basic,matrix,176,39,63,0.000638
12,4,1,7,216,stree,basic,matrix,216,48,88,0.001083
13,4,1,8,260,stree,basic,matrix,260,58,128,0.001636
14,4,1,9,308,stree,basic,matrix,308,60,245441,3.41508
15,4,1,10,360,stree,basic,matrix,360,62,606,0.011119
26,3,3,4,1742,stree,basic,matrix,1742,116,234299,9.80415
17,4,2,0,476,stree,basic,matrix,0,66,13502,0.313746
30,3,3,8,2490,stree,basic,matrix,2490,182,249621,13.6806
19,4,2,2,646,stree,basic,matrix,646,89,100,0.002331
16,4,1,11,416,stree,basic,matrix,0,64,626551,10.2646
21,4,2,4,840,stree,basic,matrix,840,116,90043,2.34842
22,4,2,5,946,stree,basic,matrix,946,131,899,0.072372
23,4,2,6,1058,stree,basic,matrix,1058,147,209,0.006465
24,4,2,7,1176,stree,basic,matrix,1176,164,240,0.008123
25,4,2,8,1300,stree,basic,matrix,1300,182,1035,0.06343
20,4,2,3,740,stree,basic,matrix,740,102,125067,2.94494
26,4,2,9,1430,stree,basic,matrix,1430,201,1492,0.095405
27,4,2,10,1566,stree,basic,matrix,1566,221,1491,0.140976
28,4,2,11,1708,stree,basic,matrix,1708,242,4382,0.274981
30,4,2,13,2010,stree,basic,matrix,2010,287,8162,0.504791
4,3,1,0,12,stree,basic,minmax,12,3,4,4.8e-05
6,3,1,2,42,stree,basic,minmax,42,8,9,8.5e-05
8,3,1,4,88,stree,basic,minmax,88,13,15,0.000152
10,3,2,0,150,stree,basic,minmax,150,15,16,0.000195
12,3,2,2,252,stree,basic,minmax,252,26,27,0.000356
14,3,2,4,378,stree,basic,minmax,378,41,51,0.000783
16,3,2,6,528,stree,basic,minmax,528,60,69,0.001204
18,3,2,8,702,stree,basic,minmax,702,62,100,0.002009
20,3,2,10,900,stree,basic,minmax,900,64,147,0.003253
29,4,2,12,1856,stree,basic,matrix,1856,264,13969,0.697449
24,3,3,2,1416,stree,basic,minmax,1416,89,830,0.037901
22,3,3,0,1122,stree,basic,minmax,0,66,12195,0.402687
28,3,3,6,2100,stree,basic,minmax,2100,147,10575,0.429034
18,4,2,1,558,stree,basic,minmax,0,77,1329149,27.5494
5,4,1,0,20,stree,basic,minmax,20,6,7,7.8e-05
6,4,1,1,36,stree,basic,minmax,36,9,23,0.000175
7,4,1,2,56,stree,basic,minmax,56,13,45,0.000345
8,4,1,3,80,stree,basic,minmax,80,18,19,0.000199
9,4,1,4,108,stree,basic,minmax,108,24,32,0.000339
10,4,1,5,140,stree,basic,minmax,140,31,38,0.000435
11,4,1,6,176,stree,basic,minmax,176,39,63,0.000781
12,4,1,7,216,stree,basic,minmax,216,48,88,0.001147
13,4,1,8,260,stree,basic,minmax,260,58,128,0.001796
14,4,1,9,308,stree,basic,minmax,308,60,245441,3.90646
15,4,1,10,360,stree,basic,minmax,360,62,606,0.016832
26,3,3,4,1742,stree,basic,minmax,1742,116,234299,7.14996
17,4,2,0,476,stree,basic,minmax,0,66,13502,0.367035
30,3,3,8,2490,stree,basic,minmax,2490,182,249621,9.01646
19,4,2,2,646,stree,basic,minmax,646,89,100,0.002353
20,4,2,3,740,stree,basic,minmax,740,102,125067,2.68578
21,4,2,4,840,stree,basic,minmax,840,116,90043,1.99266
22,4,2,5,946,stree,basic,minmax,946,131,899,0.063012
23,4,2,6,1058,stree,basic,minmax,1058,147,209,0.006
24,4,2,7,1176,stree,basic,minmax,1176,164,240,0.007096
25,4,2,8,1300,stree,basic,minmax,1300,182,1035,0.042747
26,4,2,9,1430,stree,basic,minmax,1430,201,1492,0.081522
27,4,2,10,1566,stree,basic,minmax,1566,221,1491,0.078383
28,4,2,11,1708,stree,basic,minmax,1708,242,4382,0.250464
29,4,2,12,1856,stree,basic,minmax,1856,264,13969,0.612246
30,4,2,13,2010,stree,basic,minmax,2010,287,8162,0.401414
4,3,1,0,12,stree,basic,matrix,12,3,4,3.4e-05
6,3,1,2,42,stree,basic,matrix,42,8,9,6.1e-05
8,3,1,4,88,stree,basic,matrix,88,13,15,0.00011
10,3,2,0,150,stree,basic,matrix,150,15,16,0.000145
12,3,2,2,252,stree,basic,matrix,252,26,27,0.000361
14,3,2,4,378,stree,basic,matrix,378,41,51,0.000856
16,3,2,6,528,stree,basic,matrix,528,60,69,0.001332
18,3,2,8,702,stree,basic,matrix,702,62,100,0.002291
20,3,2,10,900,stree,basic,matrix,900,64,147,0.003757
22,3,3,0,1122,stree,basic,matrix,0,66,12195,0.433292
24,3,3,2,1416,stree,basic,matrix,1416,89,830,0.088341
18,4,2,1,558,stree,basic,matrix,0,77,1329149,24.7672
28,3,3,6,2100,stree,basic,matrix,2100,147,10575,0.573332
16,4,1,11,416,stree,basic,minmax,0,64,626551,12.8988
5,4,1,0,20,stree,basic,matrix,20,6,7,4.8e-05
6,4,1,1,36,stree,basic,matrix,36,9,23,0.000126
7,4,1,2,56,stree,basic,matrix,56,13,45,0.00046
8,4,1,3,80,stree,basic,matrix,80,18,19,0.000145
9,4,1,4,108,stree,basic,matrix,108,24,32,0.000263
10,4,1,5,140,stree,basic,matrix,140,31,38,0.000362
11,4,1,6,176,stree,basic,matrix,176,39,63,0.000622
12,4,1,7,216,stree,basic,matrix,216,48,88,0.001003
13,4,1,8,260,stree,basic,matrix,260,58,128,0.001615
14,4,1,9,308,stree,basic,matrix,308,60,245441,3.40251
15,4,1,10,360,stree,basic,matrix,360,62,606,0.016029
26,3,3,4,1742,stree,basic,matrix,1742,116,234299,9.78004
17,4,2,0,476,stree,basic,matrix,0,66,13502,0.314838
30,3,3,8,2490,stree,basic,matrix,2490,182,249621,13.7564
19,4,2,2,646,stree,basic,matrix,646,89,100,0.002424
16,4,1,11,416,stree,basic,matrix,0,64,626551,10.304
21,4,2,4,840,stree,basic,matrix,840,116,90043,2.36666
22,4,2,5,946,stree,basic,matrix,946,131,899,0.075007
23,4,2,6,1058,stree,basic,matrix,1058,147,209,0.006531
24,4,2,7,1176,stree,basic,matrix,1176,164,240,0.008007
20,4,2,3,740,stree,basic,matrix,740,102,125067,2.97107
25,4,2,8,1300,stree,basic,matrix,1300,182,1035,0.063178
26,4,2,9,1430,stree,basic,matrix,1430,201,1492,0.193689
27,4,2,10,1566,stree,basic,matrix,1566,221,1491,0.138198
28,4,2,11,1708,stree,basic,matrix,1708,242,4382,0.254925
30,4,2,13,2010,stree,basic,matrix,2010,287,8162,0.456805
29,4,2,12,1856,stree,basic,matrix,1856,264,13969,0.721945
18,4,2,1,558,stree,basic,minmax,0,77,1329149,27.3608
18,4,2,1,558,stree,basic,matrix,0,77,1329149,23.8322
